Symbol,Company Name
RELIANCE,Reliance Industries Limited
TCS,Tata Consultancy Services Limited
HDFCBANK,HDFC Bank Limited
ICICIBANK,ICICI Bank Limited
HINDUNILVR,Hindustan Unilever Limited
INFY,Infosys Limited
HDFC,Housing Development Finance Corporation Limited
ITC,ITC Limited
SBIN,State Bank of India
BHARTIARTL,Bharti Airtel Limited
KOTAKBANK,Kotak Mahindra Bank Limited
BAJFINANCE,Bajaj Finance Limited
LICI,Life Insurance Corporation Of India
LT,Larsen & Toubro Limited
HCLTECH,HCL Technologies Limited
ASIANPAINT,Asian Paints Limited
AXISBANK,Axis Bank Limited
MARUTI,Maruti Suzuki India Limited
SUNPHARMA,Sun Pharmaceutical Industries Limited
TITAN,Titan Company Limited
DMART,Avenue Supermarts Limited
ULTRACEMCO,UltraTech Cement Limited
BAJAJFINSV,Bajaj Finserv Limited
WIPRO,Wipro Limited
ADANIENT,Adani Enterprises Limited
ONGC,Oil & Natural Gas Corporation Limited
NTPC,NTPC Limited
JSWSTEEL,JSW Steel Limited
POWERGRID,Power Grid Corporation of India Limited
M&M,Mahindra & Mahindra Limited
LTIM,LTIMindtree Limited
TATAMOTORS,Tata Motors Limited
ADANIGREEN,Adani Green Energy Limited
ADANIPORTS,Adani Ports and Special Economic Zone Limited
COALINDIA,Coal India Limited
TATASTEEL,Tata Steel Limited
HINDZINC,Hindustan Zinc Limited
PIDILITIND,Pidilite Industries Limited
SIEMENS,Siemens Limited
ADANITRANS,Adani Transmission Limited
SBILIFE,SBI Life Insurance Company Limited
IOC,Indian Oil Corporation Limited
BAJAJ-AUTO,Bajaj Auto Limited
GRASIM,Grasim Industries Limited
TECHM,Tech Mahindra Limited
HDFCLIFE,HDFC Life Insurance Company Limited
BRITANNIA,Britannia Industries Limited
VEDL,Vedanta Limited
GODREJCP,Godrej Consumer Products Limited
DABUR,Dabur India Limited
ATGL,Adani Total Gas Limited
SHREECEM,SHREE CEMENT LIMITED
HAL,Hindustan Aeronautics Limited
HINDALCO,Hindalco Industries Limited
VBL,Varun Beverages Limited
DLF,DLF Limited
BANKBARODA,Bank of Baroda
INDUSINDBK,IndusInd Bank Limited
EICHERMOT,Eicher Motors Limited
DRREDDY,Dr. Reddy's Laboratories Limited
DIVISLAB,Divi's Laboratories Limited
BPCL,Bharat Petroleum Corporation Limited
HAVELLS,Havells India Limited
ADANIPOWER,Adani Power Limited
INDIGO,InterGlobe Aviation Limited
CIPLA,Cipla Limited
AMBUJACEM,Ambuja Cements Limited
SRF,SRF Limited
ABB,ABB India Limited
BEL,Bharat Electronics Limited
SBICARD,SBI Cards and Payment Services Limited
GAIL,GAIL (India) Limited
BAJAJHLDNG,Bajaj Holdings & Investment Limited
TATACONSUM,TATA CONSUMER PRODUCTS LIMITED
ICICIPRULI,ICICI Prudential Life Insurance Company Limited
CHOLAFIN,Cholamandalam Investment and Finance Company Limited
MARICO,Marico Limited
APOLLOHOSP,Apollo Hospitals Enterprise Limited
TATAPOWER,Tata Power Company Limited
BOSCHLTD,Bosch Limited
BERGEPAINT,Berger Paints (I) Limited
JINDALSTEL,Jindal Steel & Power Limited
MCDOWELL-N,United Spirits Limited
UPL,UPL Limited
AWL,Adani Wilmar Limited
ICICIGI,ICICI Lombard General Insurance Company Limited
TORNTPHARM,Torrent Pharmaceuticals Limited
CANBK,Canara Bank
PNB,Punjab National Bank
TVSMOTOR,TVS Motor Company Limited
ZYDUSLIFE,Zydus Lifesciences Limited
TIINDIA,Tube Investments of India Limited
TRENT,Trent Limited
IDBI,IDBI Bank Limited
NAUKRI,Info Edge (India) Limited
SHRIRAMFIN,Shriram Finance Limited
HEROMOTOCO,Hero MotoCorp Limited
INDHOTEL,The Indian Hotels Company Limited
PIIND,PI Industries Limited
IRCTC,Indian Railway Catering And Tourism Corporation Limited
CGPOWER,CG Power and Industrial Solutions Limited
UNIONBANK,Union Bank of India
MOTHERSON,Samvardhana Motherson International Limited
CUMMINSIND,Cummins India Limited
SCHAEFFLER,Schaeffler India Limited
LODHA,Macrotech Developers Limited
ZOMATO,Zomato Limited
PGHH,Procter & Gamble Hygiene and Health Care Limited
YESBANK,Yes Bank Limited
POLYCAB,Polycab India Limited
MAXHEALTH,Max Healthcare Institute Limited
IOB,Indian Overseas Bank
PAGEIND,Page Industries Limited
COLPAL,Colgate Palmolive (India) Limited
ASHOKLEY,Ashok Leyland Limited
ALKEM,Alkem Laboratories Limited
NHPC,NHPC Limited
PAYTM,One 97 Communications Limited
PFC,Power Finance Corporation Limited
JSWENERGY,JSW Energy Limited
MUTHOOTFIN,Muthoot Finance Limited
AUBANK,AU Small Finance Bank Limited
INDUSTOWER,Indus Towers Limited
BALKRISIND,Balkrishna Industries Limited
UBL,United Breweries Limited
ABCAPITAL,Aditya Birla Capital Limited
TATAELXSI,Tata Elxsi Limited
DALBHARAT,Dalmia Bharat Limited
HDFCAMC,HDFC Asset Management Company Limited
INDIANB,Indian Bank
ASTRAL,Astral Limited
BHARATFORG,Bharat Forge Limited
LTTS,L&T Technology Services Limited
MRF,MRF Limited
TATACOMM,Tata Communications Limited
NYKAA,FSN E-Commerce Ventures Limited
CONCOR,Container Corporation of India Limited
PERSISTENT,Persistent Systems Limited
PATANJALI,Patanjali Foods Limited
IRFC,Indian Railway Finance Corporation Limited
LINDEINDIA,Linde India Limited
IDFCFIRSTB,IDFC First Bank Limited
PETRONET,Petronet LNG Limited
SOLARINDS,Solar Industries India Limited
SAIL,Steel Authority of India Limited
MPHASIS,MphasiS Limited
HINDPETRO,Hindustan Petroleum Corporation Limited
APLAPOLLO,APL Apollo Tubes Limited
FLUOROCHEM,Gujarat Fluorochemicals Limited
NMDC,NMDC Limited
HONAUT,Honeywell Automation India Limited
SUPREMEIND,Supreme Industries Limited
GUJGASLTD,Gujarat Gas Limited
BANDHANBNK,Bandhan Bank Limited
ACC,ACC Limited
OBEROIRLTY,Oberoi Realty Limited
BANKINDIA,Bank of India
RECLTD,REC Limited
AUROPHARMA,Aurobindo Pharma Limited
STARHEALTH,Star Health and Allied Insurance Company Limited
IGL,Indraprastha Gas Limited
LUPIN,Lupin Limited
UCOBANK,UCO Bank
JUBLFOOD,Jubilant Foodworks Limited
POLICYBZR,PB Fintech Limited
GODREJPROP,Godrej Properties Limited
M&MFIN,Mahindra & Mahindra Financial Services Limited
IDEA,Vodafone Idea Limited
OFSS,Oracle Financial Services Software Limited
FEDERALBNK,The Federal Bank  Limited
MANYAVAR,Vedant Fashions Limited
UNOMINDA,UNO Minda Limited
AIAENG,AIA Engineering Limited
THERMAX,Thermax Limited
OIL,Oil India Limited
VOLTAS,Voltas Limited
3MINDIA,3M India Limited
COROMANDEL,Coromandel International Limited
SUNDARMFIN,Sundaram Finance Limited
KPITTECH,KPIT Technologies Limited
DEEPAKNTR,Deepak Nitrite Limited
ESCORTS,Escorts Kubota Limited
BIOCON,Biocon Limited
TATACHEM,Tata Chemicals Limited
TORNTPOWER,Torrent Power Limited
GMRINFRA,GMR Airports Infrastructure Limited
BHEL,Bharat Heavy Electricals Limited
SONACOMS,Sona BLW Precision Forgings Limited
DELHIVERY,Delhivery Limited
SYNGENE,Syngene International Limited
CRISIL,CRISIL Limited
GICRE,General Insurance Corporation of India
COFORGE,Coforge Limited
PHOENIXLTD,The Phoenix Mills Limited
JKCEMENT,JK Cement Limited
POONAWALLA,Poonawalla Fincorp Limited
GLAXO,GlaxoSmithKline Pharmaceuticals Limited
MFSL,Max Financial Services Limited
METROBRAND,Metro Brands Limited
MSUMI,Motherson Sumi Wiring India Limited
SUMICHEM,Sumitomo Chemical India Limited
RELAXO,Relaxo Footwears Limited
NAVINFLUOR,Navin Fluorine International Limited
SKFINDIA,SKF India Limited
CENTRALBK,Central Bank of India
GLAND,Gland Pharma Limited
KANSAINER,Kansai Nerolac Paints Limited
GRINDWELL,Grindwell Norton Limited
TIMKEN,Timken India Limited
IPCALAB,IPCA Laboratories Limited
SUNDRMFAST,Sundram Fasteners Limited
ATUL,Atul Limited
ZEEL,Zee Entertainment Enterprises Limited
L&TFH,L&T Finance Holdings Limited
ABFRL,Aditya Birla Fashion and Retail Limited
APOLLOTYRE,Apollo Tyres Limited
KPRMILL,K.P.R. Mill Limited
ZFCVINDIA,ZF Commercial Vehicle Control Systems India Limited
FORTIS,Fortis Healthcare Limited
AARTIIND,Aarti Industries Limited
HATSUN,Hatsun Agro Product Limited
CARBORUNIV,Carborundum Universal Limited
CROMPTON,Crompton Greaves Consumer Electricals Limited
VINATIORGA,Vinati Organics Limited
IIFL,IIFL Finance Limited
BATAINDIA,Bata India Limited
BDL,Bharat Dynamics Limited
LICHSGFIN,LIC Housing Finance Limited
RAJESHEXPO,Rajesh Exports Limited
RAMCOCEM,The Ramco Cements Limited
ENDURANCE,Endurance Technologies Limited
DEVYANI,Devyani International Limited
PSB,Punjab & Sind Bank
DIXON,Dixon Technologies (India) Limited
KAJARIACER,Kajaria Ceramics Limited
WHIRLPOOL,Whirlpool of India Limited
MAHABANK,Bank of Maharashtra
SUNTV,Sun TV Network Limited
PEL,Piramal Enterprises Limited
PRESTIGE,Prestige Estates Projects Limited
NIACL,The New India Assurance Company Limited
RADICO,Radico Khaitan Limited
PFIZER,Pfizer Limited
NH,Narayana Hrudayalaya Ltd.
EMAMILTD,Emami Limited
LAURUSLABS,Laurus Labs Limited
FIVESTAR,Five-Star Business Finance Limited
AJANTPHARM,Ajanta Pharma Limited
INDIAMART,Indiamart Intermesh Limited
360ONE,360 ONE WAM LIMITED
KEI,KEI Industries Limited
JBCHEPHARM,JB Chemicals & Pharmaceuticals Limited
LALPATHLAB,Dr. Lal Path Labs Ltd.
JSL,Jindal Stainless Limited
IRB,IRB Infrastructure Developers Limited
EXIDEIND,Exide Industries Limited
PVR,PVR Limited
GSPL,Gujarat State Petronet Limited
BLUEDART,Blue Dart Express Limited
NATIONALUM,National Aluminium Company Limited
RVNL,Rail Vikas Nigam Limited
CREDITACC,CREDITACCESS GRAMEEN LIMITED
TRIDENT,Trident Limited
POWERINDIA,Hitachi Energy India Limited
MEDANTA,Global Health Limited
GILLETTE,Gillette India Limited
RATNAMANI,Ratnamani Metals & Tubes Limited
ELGIEQUIP,Elgi Equipments Limited
ISEC,ICICI Securities Limited
CGCL,Capri Global Capital Limited
GODREJIND,Godrej Industries Limited
CLEAN,Clean Science and Technology Limited
MAZDOCK,Mazagon Dock Shipbuilders Limited
MAHINDCIE,Mahindra CIE Automotive Limited
AEGISCHEM,Aegis Logistics Limited
FACT,Fertilizers and Chemicals Travancore Limited
BLUESTARCO,Blue Star Limited
SANOFI,Sanofi India Limited
FINEORG,Fine Organic Industries Limited
AFFLE,Affle (India) Limited
GLENMARK,Glenmark Pharmaceuticals Limited
NAM-INDIA,Nippon Life India Asset Management Limited
SJVN,SJVN Limited
REDINGTON,Redington Limited
AAVAS,Aavas Financiers Limited
IDFC,IDFC Limited
FINCABLES,Finolex Cables Limited
NUVOCO,Nuvoco Vistas Corporation Limited
BAJAJELEC,Bajaj Electricals Limited
APTUS,Aptus Value Housing Finance India Limited
SUVENPHAR,Suven Pharmaceuticals Limited
ASTERDM,Aster DM Healthcare Limited
RHIM,RHI MAGNESITA INDIA LIMITED
KEC,KEC International Limited
SONATSOFTW,Sonata Software Limited
AETHER,Aether Industries Limited
DCMSHRIRAM,DCM Shriram Limited
IEX,Indian Energy Exchange Limited
HAPPSTMNDS,Happiest Minds Technologies Limited
KIMS,Krishna Institute of Medical Sciences Limited
ALKYLAMINE,Alkyl Amines Chemicals Limited
CYIENT,Cyient Limited
CHAMBLFERT,Chambal Fertilizers & Chemicals Limited
ASAHIINDIA,Asahi India Glass Limited
CASTROLIND,Castrol India Limited
BRIGADE,Brigade Enterprises Limited
KALYANKJIL,Kalyan Jewellers India Limited
TTML,Tata Teleservices (Maharashtra) Limited
VGUARD,V-Guard Industries Limited
NLCINDIA,NLC India Limited
LAXMIMACH,Lakshmi Machine Works Limited
TRITURBINE,Triveni Turbine Limited
FINPIPE,Finolex Industries Limited
AKZOINDIA,Akzo Nobel India Limited
MANAPPURAM,Manappuram Finance Limited
EIHOTEL,EIH Limited
CENTURYPLY,Century Plyboards (India) Limited
NATCOPHARM,Natco Pharma Limited
KIOCL,KIOCL Limited
CHOLAHLDNG,Cholamandalam Financial Holdings Limited
CAMPUS,Campus Activewear Limited
CAMS,Computer Age Management Services Limited
AMARAJABAT,Amara Raja Batteries Limited
ZYDUSWELL,Zydus Wellness Limited
BASF,BASF India Limited
TEJASNET,Tejas Networks Limited
APLLTD,Alembic Pharmaceuticals Limited
MGL,Mahanagar Gas Limited
GRINFRA,G R Infraprojects Limited
ANGELONE,Angel One Limited
SFL,Sheela Foam Limited
TTKPRESTIG,TTK Prestige Limited
APARINDS,Apar Industries Limited
HINDCOPPER,Hindustan Copper Limited
CDSL,Central Depository Services (India) Limited
GODFRYPHLP,Godfrey Phillips India Limited
RENUKA,Shree Renuka Sugars Limited
CUB,City Union Bank Limited
JKLAKSHMI,JK Lakshmi Cement Limited
ANURAS,Anupam Rasayan India Limited
MRPL,Mangalore Refinery and Petrochemicals Limited
GESHIP,The Great Eastern Shipping Company Limited
POLYMED,Poly Medicure Limited
NSLNISP,NMDC Steel Limited
BIKAJI,Bikaji Foods International Limited
MOTILALOFS,Motilal Oswal Financial Services Limited
ABSLAMC,Aditya Birla Sun Life AMC Limited
CESC,CESC Limited
TATAINVEST,Tata Investment Corporation Limited
ALLCARGO,Allcargo Logistics Limited
KALPATPOWR,Kalpataru Power Transmission Limited
PNBHOUSING,PNB Housing Finance Limited
HUDCO,Housing & Urban Development Corporation Limited
ITI,ITI Limited
ROUTE,ROUTE MOBILE LIMITED
RITES,RITES Limited
VTL,Vardhman Textiles Limited
RBLBANK,RBL Bank Limited
HFCL,HFCL Limited
KARURVYSYA,Karur Vysya Bank Limited
CERA,Cera Sanitaryware Limited
EIDPARRY,EID Parry India Limited
INGERRAND,Ingersoll Rand (India) Limited
GALAXYSURF,Galaxy Surfactants Limited
PPLPHARMA,Piramal Pharma Limited
UTIAMC,UTI Asset Management Company Limited
KRBL,KRBL Limited
RAYMOND,Raymond Limited
ASTRAZEN,AstraZeneca Pharma India Limited
VIPIND,VIP Industries Limited
ACI,Archean Chemical Industries Limited
BALRAMCHIN,Balrampur Chini Mills Limited
SUZLON,Suzlon Energy Limited
GODREJAGRO,Godrej Agrovet Limited
GNFC,Gujarat Narmada Valley Fertilizers and Chemicals Limited
ERIS,Eris Lifesciences Limited
PGHL,Procter & Gamble Health Limited
MEDPLUS,Medplus Health Services Limited
SAPPHIRE,Sapphire Foods India Limited
DATAPATTNS,Data Patterns (India) Limited
SUNCLAYLTD,Sundaram Clayton Limited
JBMA,JBM Auto Limited
EASEMYTRIP,Easy Trip Planners Limited
CCL,CCL Products (India) Limited
EQUITASBNK,Equitas Small Finance Bank Limited
CHALET,Chalet Hotels Limited
RAINBOW,Rainbow Childrens Medicare Limited
PNCINFRA,PNC Infratech Limited
FSL,Firstsource Solutions Limited
KSB,Ksb Limited
BSOFT,BIRLASOFT LIMITED
KNRCON,KNR Constructions Limited
SHOPERSTOP,Shoppers Stop Limited
SYMPHONY,Symphony Limited
CENTURYTEX,Century Textiles & Industries Limited
CANFINHOME,Can Fin Homes Limited
GRANULES,Granules India Limited
TANLA,Tanla Platforms Limited
JYOTHYLAB,Jyothy Labs Limited
SPLPETRO,Supreme Petrochem Limited
DEEPAKFERT,Deepak Fertilizers and Petrochemicals Corporation Limited
CRAFTSMAN,Craftsman Automation Limited
BIRLACORPN,Birla Corporation Limited
BLS,BLS International Services Limited
SHYAMMETL,Shyam Metalics and Energy Limited
NCC,NCC Limited
GMMPFAUDLR,GMM Pfaudler Limited
LATENTVIEW,Latent View Analytics Limited
USHAMART,Usha Martin Limited
HOMEFIRST,Home First Finance Company India Limited
JKPAPER,JK Paper Limited
TMB,Tamilnad Mercantile Bank Limited
JINDWORLD,Jindal Worldwide Limited
METROPOLIS,Metropolis Healthcare Limited
SAREGAMA,Saregama India Limited
NBCC,NBCC (India) Limited
ECLERX,eClerx Services Limited
BALAMINES,Balaji Amines Limited
WELSPUNIND,Welspun India Limited
PRAJIND,Praj Industries Limited
COCHINSHIP,Cochin Shipyard Limited
ZENSARTECH,Zensar Technologies Limited
AMBER,Amber Enterprises India Limited
LEMONTREE,Lemon Tree Hotels Limited
PRINCEPIPE,Prince Pipes And Fittings Limited
TRIVENI,Triveni Engineering & Industries Limited
GARFIBRES,Garware Technical Fibres Limited
LXCHEM,Laxmi Organic Industries Limited
STLTECH,Sterlite Technologies Limited
CEATLTD,CEAT Limited
BSE,BSE Limited
SPARC,Sun Pharma Advanced Research Company Limited
ALOKINDS,Alok Industries Limited
ORIENTELEC,Orient Electric Limited
INDIACEM,The India Cements Limited
JUBLINGREA,Jubilant Ingrevia Limited
KIRLOSENG,Kirloskar Oil Engines Limited
TCIEXP,TCI Express Limited
JMFINANCIL,JM Financial Limited
NETWORK18,Network18 Media & Investments Limited
BBTC,Bombay Burmah Trading Corporation Limited
SWANENERGY,Swan Energy Limited
GPPL,Gujarat Pipavav Port Limited
KAYNES,Kaynes Technology India Limited
VRLLOG,VRL Logistics Limited
INTELLECT,Intellect Design Arena Limited
SWSOLAR,Sterling and Wilson Renewable Energy Limited
CHEMPLASTS,Chemplast Sanmar Limited
QUESS,Quess Corp Limited
ROLEXRINGS,Rolex Rings Limited
MAHLIFE,Mahindra Lifespace Developers Limited
ESABINDIA,Esab India Limited
MHRIL,Mahindra Holidays & Resorts India Limited
GOCOLORS,Go Fashion (India) Limited
HGS,Hinduja Global Solutions Limited
BORORENEW,BOROSIL RENEWABLES LIMITED
GAEL,Gujarat Ambuja Exports Limited
MAPMYINDIA,C.E. Info Systems Limited
PRSMJOHNSN,Prism Johnson Limited
RUSTOMJEE,Keystone Realtors Limited
IRCON,Ircon International Limited
RCF,Rashtriya Chemicals and Fertilizers Limited
WELCORP,Welspun Corp Limited
BEML,BEML Limited
GRSE,Garden Reach Shipbuilders & Engineers Limited
EPL,EPL Limited
MINDACORP,Minda Corporation Limited
GRAPHITE,Graphite India Limited
HGINFRA,H.G. Infra Engineering Limited
OLECTRA,Olectra Greentech Limited
RELINFRA,Reliance Infrastructure Limited
JUSTDIAL,Just Dial Limited
RAIN,Rain Industries Limited
IONEXCHANG,ION Exchange (India) Limited
EDELWEISS,Edelweiss Financial Services Limited
UJJIVANSFB,Ujjivan Small Finance Bank Limited
TV18BRDCST,TV18 Broadcast Limited
GPIL,Godawari Power And Ispat limited
MTARTECH,Mtar Technologies Limited
TCI,Transport Corporation of India Limited
RTNINDIA,RattanIndia Enterprises Limited
VSTIND,VST Industries Limited
SAFARI,Safari Industries (India) Limited
ACE,Action Construction Equipment Limited
MAHSCOOTER,Maharashtra Scooters Limited
DELTACORP,Delta Corp Limited
GLS,Glenmark Life Sciences Limited
GHCL,GHCL Limited
INDIGOPNTS,Indigo Paints Limited
MAHSEAMLES,Maharashtra Seamless Limited
SUPRAJIT,Suprajit Engineering Limited
KFINTECH,Kfin Technologies Limited
GSFC,Gujarat State Fertilizers & Chemicals Limited
J&KBANK,The Jammu & Kashmir Bank Limited
RELIGARE,Religare Enterprises Limited
MASTEK,Mastek Limited
SIS,SIS LIMITED
JINDALSAW,Jindal Saw Limited
TEGA,Tega Industries Limited
SYRMA,Syrma SGS Technology Limited
AVANTIFEED,Avanti Feeds Limited
STARCEMENT,Star Cement Limited
IBULHSGFIN,Indiabulls Housing Finance Limited
RKFORGE,Ramkrishna Forgings Limited
CAPLIPOINT,Caplin Point Laboratories Limited
VAIBHAVGBL,Vaibhav Global Limited
RBA,Restaurant Brands Asia Limited
JUBLPHARMA,Jubilant Pharmova Limited
SHARDACROP,Sharda Cropchem Limited
NIITLTD,NIIT Limited
PCBL,PCBL LIMITED
MASFIN,MAS Financial Services Limited
SCI,Shipping Corporation Of India Limited
PDSL,PDS Limited
GUJALKALI,Gujarat Alkalies and Chemicals Limited
ELECON,Elecon Engineering Company Limited
CMSINFO,CMS Info Systems Limited
VMART,V-Mart Retail Limited
ICRA,ICRA Limited
JSWHL,JSW Holdings Limited
FDC,FDC Limited
CSBBANK,CSB Bank Limited
KTKBANK,The Karnataka Bank Limited
MMTC,MMTC Limited
ENGINERSIN,Engineers India Limited
SUNTECK,Sunteck Realty Limited
PRIVISCL,Privi Speciality Chemicals Limited
PARADEEP,Paradeep Phosphates Limited
SOBHA,Sobha Limited
FUSION,Fusion Micro Finance Limited
GMDCLTD,Gujarat Mineral Development Corporation Limited
VIJAYA,Vijaya Diagnostic Centre Limited
JAMNAAUTO,Jamna Auto Industries Limited
ANANTRAJ,Anant Raj Limited
SANSERA,Sansera Engineering Limited
MFL,Meghmani Finechem Limited
AHLUCONT,Ahluwalia Contracts (India) Limited
BSHSL,Bombay Super Hybrid Seeds Limited
TATACOFFEE,Tata Coffee Limited
TEAMLEASE,Teamlease Services Limited
JKTYRE,JK Tyre & Industries Limited
VARROC,Varroc Engineering Limited
GREENLAM,Greenlam Industries Limited
JPPOWER,Jaiprakash Power Ventures Limited
INFIBEAM,Infibeam Avenues Limited
SPANDANA,Spandana Sphoorty Financial Limited
HSCL,Himadri Speciality Chemical Limited
BHARATRAS,Bharat Rasayan Limited
RAJRATAN,Rajratan Global Wire Limited
LAOPALA,La Opala RG Limited
SARDAEN,Sarda Energy & Minerals Limited
RALLIS,Rallis India Limited
BOROLTD,Borosil Limited
RATEGAIN,Rategain Travel Technologies Limited
SCHNEIDER,Schneider Electric Infrastructure Limited
RPOWER,Reliance Power Limited
ARVINDFASN,Arvind Fashions Limited
TATVA,Tatva Chintan Pharma Chem Limited
POWERMECH,Power Mech Projects Limited
HCG,Healthcare Global Enterprises Limited
NESCO,Nesco Limited
HEIDELBERG,HeidelbergCement India Limited
TECHNOE,Techno Electric & Engineering Company Limited
POLYPLEX,Polyplex Corporation Limited
SURYAROSNI,Surya Roshni Limited
AUTOAXLES,Automotive Axles Limited
JWL,Jupiter Wagons Limited
NFL,National Fertilizers Limited
HEG,HEG Limited
RAJRILTD,Raj Rayon Industries Limited
CHENNPETRO,Chennai Petroleum Corporation Limited
WSTCSTPAPR,West Coast Paper Mills Limited
LUXIND,Lux Industries Limited
HIKAL,Hikal Limited
MIDHANI,Mishra Dhatu Nigam Limited
HLEGLAS,HLE Glascoat Limited
SHAREINDIA,Share India Securities Limited
NOCIL,NOCIL Limited
NAZARA,Nazara Technologies Limited
BANARISUG,Bannari Amman Sugars Limited
ANANDRATHI,Anand Rathi Wealth Limited
PRUDENT,Prudent Corporate Advisory Services Limited
GRAVITA,Gravita India Limited
GREENPANEL,Greenpanel Industries Limited
VESUVIUS,Vesuvius India Limited
DCBBANK,DCB Bank Limited
ROSSARI,Rossari Biotech Limited
RESPONIND,Responsive Industries Limited
TINPLATE,The Tinplate Company of India Limited
KIRLOSBROS,Kirloskar Brothers Limited
RAILTEL,Railtel Corporation Of India Limited
AMIORG,Ami Organics Limited
ISGEC,Isgec Heavy Engineering Limited
NEOGEN,Neogen Chemicals Limited
MARKSANS,Marksans Pharma Limited
NAVA,NAVA LIMITED
NEWGEN,Newgen Software Technologies Limited
BECTORFOOD,Mrs. Bectors Food Specialities Limited
TWL,Titagarh Wagons Limited
AARTIDRUGS,Aarti Drugs Limited
UJJIVAN,Ujjivan Financial Services Limited
GATEWAY,Gateway Distriparks Limited
SULA,Sula Vineyards Limited
DAAWAT,LT Foods Limited
SOUTHBANK,The South Indian Bank Limited
GET&D,GE T&D India Limited
HARSHA,Harsha Engineers International Limited
PGEL,PG Electroplast Limited
RSYSTEMS,R Systems International Limited
INDOCO,Indoco Remedies Limited
MOLDTKPAC,Mold-Tek Packaging Limited
IFBIND,IFB Industries Limited
SBCL,Shivalik Bimetal Controls Limited
BCG,Brightcom Group Limited
GREAVESCOT,Greaves Cotton Limited
MOIL,MOIL Limited
TATASTLLP,Tata Steel Long Products Limited
TARSONS,Tarsons Products Limited
SHANTIGEAR,Shanthi Gears Limited
CHOICEIN,Choice International Limited
TIIL,Technocraft Industries (India) Limited
DHANUKA,Dhanuka Agritech Limited
JCHAC,Johnson Controls - Hitachi Air Conditioning India Limited
DODLA,Dodla Dairy Limited
DALMIASUG,Dalmia Bharat Sugar and Industries Limited
VOLTAMP,Voltamp Transformers Limited
ASTEC,Astec LifeSciences Limited
SUDARSCHEM,Sudarshan Chemical Industries Limited
KSCL,Kaveri Seed Company Limited
SUNFLAG,Sunflag Iron And Steel Company Limited
IBREALEST,Indiabulls Real Estate Limited
THOMASCOOK,Thomas Cook  (India)  Limited
HBLPOWER,HBL Power Systems Limited
INOXWIND,Inox Wind Limited
NILKAMAL,Nilkamal Limited
ZENTEC,Zen Technologies Limited
TCNSBRANDS,TCNS Clothing Co. Limited
ADVENZYMES,Advanced Enzyme Technologies Limited
STAR,Strides Pharma Science Limited
FCL,Fineotex Chemical Limited
KKCL,Kewal Kiran Clothing Limited
HINDWAREAP,Hindware Home Innovation Limited
MAHLOG,Mahindra Logistics Limited
EMIL,Electronics Mart India Limited
JTEKTINDIA,Jtekt India Limited
MANINFRA,Man Infraconstruction Limited
ITDC,India Tourism Development Corporation Limited
APCOTEXIND,Apcotex Industries Limited
PRICOLLTD,Pricol Limited
PTC,PTC India Limited
AARTIPHARM,Aarti Pharmalabs Limited
MBAPL,Madhya Bharat Agro Products Limited
SAGCEM,Sagar Cements Limited
TDPOWERSYS,TD Power Systems Limited
JAICORPLTD,Jai Corp Limited
DBL,Dilip Buildcon Limited
BARBEQUE,Barbeque Nation Hospitality Limited
UNIPARTS,Uniparts India Limited
UFLEX,UFLEX Limited
WONDERLA,Wonderla Holidays Limited
PSPPROJECT,PSP Projects Limited
KIRLOSIND,Kirloskar Industries Limited
IPL,India Pesticides Limited
DISHTV,Dish TV India Limited
TATAMETALI,Tata Metaliks Limited
PAISALO,Paisalo Digital Limited
PFOCUS,Prime Focus Limited
HEMIPROP,Hemisphere Properties India Limited
LGBBROSLTD,LG Balakrishnan & Bros Limited
MAITHANALL,Maithan Alloys Limited
SSWL,Steel Strips Wheels Limited
NEULANDLAB,Neuland Laboratories Limited
HATHWAY,Hathway Cable & Datacom Limited
THYROCARE,Thyrocare Technologies Limited
ORIENTCEM,Orient Cement Limited
DREAMFOLKS,Dreamfolks Services Limited
ETHOSLTD,Ethos Limited
GLOBUSSPR,Globus Spirits Limited
GANESHHOUC,Ganesh Housing Corporation Limited
ARVIND,Arvind Limited
ICIL,Indo Count Industries Limited
SHRIPISTON,Shriram Pistons & Rings Limited
WOCKPHARMA,Wockhardt Limited
DBREALTY,D B Realty Limited
ISMTLTD,ISMT Limited
JINDALPOLY,Jindal Poly Films Limited
WABAG,VA Tech Wabag Limited
BAJAJCON,Bajaj Consumer Care Limited
GENUSPOWER,Genus Power Infrastructures Limited
BUTTERFLY,Butterfly Gandhimathi Appliances Limited
NAVNETEDUL,Navneet Education Limited
GOKEX,Gokaldas Exports Limited
APOLLOPIPE,Apollo Pipes Limited
LANDMARK,Landmark Cars Limited
IFCI,IFCI Limited
ATFL,Agro Tech Foods Limited
EVEREADY,Eveready Industries India Limited
AGI,AGI Greenpac Limited
TI,Tilaknagar Industries Limited
ASHOKA,Ashoka Buildcon Limited
SOMANYCERA,Somany Ceramics Limited
HCC,Hindustan Construction Company Limited
JISLJALEQS,Jain Irrigation Systems Limited
VINDHYATEL,Vindhya Telelinks Limited
FIEMIND,Fiem Industries Limited
TASTYBITE,Tasty Bite Eatables Limited
JAYNECOIND,Jayaswal Neco Industries Limited
HONDAPOWER,Honda India Power Products Limited
UNICHEMLAB,Unichem Laboratories Limited
MUKANDLTD,Mukand Limited
CIGNITITEC,Cigniti Technologies Limited
MMFL,MM Forgings Limited
VENKEYS,Venky's (India) Limited
RAMKY,Ramky Infrastructure Limited
DIVGIITTS,Divgi Torqtransfer Systems Limited
CAMLINFINE,Camlin Fine Sciences Limited
SHILPAMED,Shilpa Medicare Limited
GULFOILLUB,Gulf Oil Lubricants India Limited
MOL,Meghmani Organics Limited
DOLLAR,Dollar Industries Limited
VSTTILLERS,V.S.T Tillers Tractors Limited
SUBROS,Subros Limited
DCAL,Dishman Carbogen Amcis Limited
GABRIEL,Gabriel India Limited
MAXVIL,Max Ventures and Industries Limited
SIYSIL,Siyaram Silk Mills Limited
TVSSRICHAK,TVS Srichakra Limited
ASTRAMICRO,Astra Microwave Products Limited
JKIL,J.Kumar Infraprojects Limited
JAGRAN,Jagran Prakashan Limited
ELECTCAST,Electrosteel Castings Limited
CARERATING,CARE Ratings Limited
INDIAGLYCO,India Glycols Limited
BALMLAWRIE,Balmer Lawrie & Company Limited
KOLTEPATIL,Kolte - Patil Developers Limited
IMAGICAA,Imagicaaworld Entertainment Limited
WELENT,Welspun Enterprises Limited
TIPSINDLTD,TIPS Industries Limited
SWARAJENG,Swaraj Engines Limited
MAYURUNIQ,Mayur Uniquoters Ltd
GANECOS,Ganesha Ecosphere Limited
PARAS,Paras Defence and Space Technologies Limited
LUMAXTECH,Lumax Auto Technologies Limited
ACCELYA,Accelya Solutions India Limited
KESORAMIND,Kesoram Industries Limited
CARTRADE,Cartrade Tech Limited
MPSLTD,MPS Limited
SEQUENT,Sequent Scientific Limited
HIL,HIL Limited
GUFICBIO,Gufic Biosciences Limited
ITDCEM,ITD Cementation India Limited
PILANIINVS,Pilani Investment and Industries Corporation Limited
MSTCLTD,Mstc Limited
LSIL,Lloyds Steels Industries Limited
PANAMAPET,Panama Petrochem Limited
OPTIEMUS,Optiemus Infracom Limited
SIRCA,Sirca Paints India Limited
TIRUMALCHM,Thirumalai Chemicals Limited
DYNAMATECH,Dynamatic Technologies Limited
SUNDARMHLD,Sundaram Finance Holdings Limited
TIMETECHNO,Time Technoplast Limited
DBCORP,D.B.Corp Limited
ASHIANA,Ashiana Housing Limited
CONFIPET,Confidence Petroleum India Limited
DIAMONDYD,Prataap Snacks Limited
NUCLEUS,Nucleus Software Exports Limited
GREENPLY,Greenply Industries Limited
JPASSOCIAT,Jaiprakash Associates Limited
WENDT,Wendt (India) Limited
FINOPB,Fino Payments Bank Limited
FMGOETZE,Federal-Mogul Goetze (India) Limited.
SANGHIIND,Sanghi Industries Limited
VAKRANGEE,Vakrangee Limited
GNA,GNA Axles Limited
AMRUTANJAN,Amrutanjan Health Care Limited
EMUDHRA,eMudhra Limited
DATAMATICS,Datamatics Global Services Limited
SHARDAMOTR,Sharda Motor Industries Limited
IOLCP,IOL Chemicals and Pharmaceuticals Limited
LUMAXIND,Lumax Industries Limited
BAJAJHIND,Bajaj Hindusthan Sugar Limited
STYLAMIND,Stylam Industries Limited
ANDHRAPAP,ANDHRA PAPER LIMITED
SOTL,Savita Oil Technologies Limited
ADFFOODS,ADF Foods Limited
VIDHIING,Vidhi Specialty Food Ingredients Limited
KABRAEXTRU,Kabra Extrusion Technik Limited
BEPL,Bhansali Engineering Polymers Limited
RUPA,Rupa & Company Limited
NACLIND,NACL Industries Limited
VSSL,Vardhman Special Steels Limited
VISHNU,Vishnu Chemicals Limited
DWARKESH,Dwarikesh Sugar Industries Limited
DHANI,Dhani Services Limited
BANCOINDIA,Banco Products (I) Limited
KINGFA,Kingfa Science & Technology (India) Limited
SUBEXLTD,Subex Limited
HINDOILEXP,Hindustan Oil Exploration Company Limited
RTNPOWER,RattanIndia Power Limited
VADILALIND,Vadilal Industries Limited
BBOX,Black Box Limited
ORCHPHARMA,Orchid Pharma Limited
PURVA,Puravankara Limited
COSMOFIRST,COSMO FIRST LIMITED
IMFA,Indian Metals & Ferro Alloys Limited
SUPRIYA,Supriya Lifescience Limited
SAKSOFT,Saksoft Limited
IIFLSEC,IIFL Securities Limited
SANGHVIMOV,Sanghvi Movers Limited
GOKULAGRO,Gokul Agro Resources Limited
ALEMBICLTD,Alembic Limited
VENUSPIPES,Venus Pipes & Tubes Limited
SEAMECLTD,Seamec Limited
TNPL,Tamil Nadu Newsprint & Papers Limited
KPIGREEN,KPI Green Energy Limited
BFINVEST,BF Investment Limited
SESHAPAPER,Seshasayee Paper and Boards Limited
DHAMPURSUG,Dhampur Sugar Mills Limited
ANDHRSUGAR,The Andhra Sugars Limited
KIRIINDUS,Kiri Industries Limited
TTKHLTCARE,TTK Healthcare Limited
CARYSIL,CARYSIL LIMITED
GOCLCORP,GOCL Corporation Limited
JSWISPL,JSW Ispat Special Products Limited
STERTOOLS,Sterling Tools Limited
SHALBY,Shalby Limited
TIDEWATER,Tide Water Oil Company (India) Limited
KRSNAA,Krsnaa Diagnostics Limited
KRISHANA,Krishana Phoschem Limited
HUHTAMAKI,Huhtamaki India Limited
BBL,Bharat Bijlee Limited
SEPC,SEPC Limited
ORISSAMINE,The Orissa Minerals Development Company Limited
FILATEX,Filatex India Limited
THEJO,Thejo Engineering Limited
APTECHT,Aptech Limited
ORIENTHOT,Oriental Hotels Limited
DCXINDIA,DCX Systems Limited
FOSECOIND,Foseco India Limited
GOLDIAM,Goldiam International Limited
SHANKARA,Shankara Building Products Limited
INSECTICID,Insecticides (India) Limited
THANGAMAYL,Thangamayil Jewellery Limited
SHK,S H Kelkar and Company Limited
TEXRAIL,Texmaco Rail & Engineering Limited
CANTABIL,Cantabil Retail India Limited
GALLANTT,Gallantt Ispat Limited
HERITGFOOD,Heritage Foods Limited
KCP,KCP Limited
MOREPENLAB,Morepen Laboratories Limited
GATI,GATI Limited
RAMASTEEL,Rama Steel Tubes Limited
HESTERBIO,Hester Biosciences Limited
NRBBEARING,NRB Bearing Limited
INDOSTAR,IndoStar Capital Finance Limited
MONTECARLO,Monte Carlo Fashions Limited
KSL,Kalyani Steels Limited
KDDL,KDDL Limited
TCPLPACK,TCPL Packaging Limited
MARATHON,Marathon Nextgen Realty Limited
ARVSMART,Arvind SmartSpaces Limited
DCW,DCW Limited
DEN,Den Networks Limited
STEELXIND,STEEL EXCHANGE INDIA LIMITED
EIHAHOTELS,EIH Associated Hotels Limited
IGPL,IG Petrochemicals Limited
NITINSPIN,Nitin Spinners Limited
EXPLEOSOL,Expleo Solutions Limited
VERANDA,Veranda Learning Solutions Limited
SALASAR,Salasar Techno Engineering Limited
STYRENIX,Styrenix Performance Materials Limited
ADORWELD,Ador Welding Limited
BHAGCHEM,Bhagiradha Chemicals & Industries Limited
PCJEWELLER,PC Jeweller Limited
GENESYS,Genesys International Corporation Limited
STOVEKRAFT,Stove Kraft Limited
RANEHOLDIN,Rane Holdings Limited
NDTV,New Delhi Television Limited
XPROINDIA,Xpro India Limited
MANORAMA,Manorama Industries Limited
GRWRHITECH,Garware Hi-Tech Films Limited
HARIOMPIPE,Hariom Pipe Industries Limited
SANDHAR,Sandhar Technologies Limited
AVTNPL,AVT Natural Products Limited
IWEL,Inox Wind Energy Limited
SJS,S.J.S. Enterprises Limited
EVERESTIND,Everest Industries Limited
FAIRCHEMOR,Fairchem Organics Limited
SASKEN,Sasken Technologies Limited
OAL,Oriental Aromatics Limited
NELCO,NELCO Limited
RIIL,Reliance Industrial Infrastructure Limited
SOLARA,Solara Active Pharma Sciences Limited
TAJGVK,Taj GVK Hotels & Resorts Limited
BOMDYEING,Bombay Dyeing & Mfg Company Limited
MANGCHEFER,Mangalore Chemicals & Fertilizers Limited
GOODLUCK,Goodluck India Limited
RPGLIFE,RPG Life Sciences Limited
PATELENG,Patel Engineering Limited
SPIC,Southern Petrochemicals Industries Corporation  Limited
INOXGREEN,Inox Green Energy Services Limited
GIPCL,Gujarat Industries Power Company Limited
UNIVCABLES,Universal Cables Limited
NSIL,Nalwa Sons Investments Limited
HMT,HMT Limited
MATRIMONY,Matrimony.Com Limited
MTNL,Mahanagar Telephone Nigam Limited
SDBL,Som Distilleries & Breweries Limited
VALIANTORG,Valiant Organics Limited
ARMANFIN,Arman Financial Services Limited
REPCOHOME,Repco Home Finance Limited
HERANBA,Heranba Industries Limited
BFUTILITIE,BF Utilities Limited
PRECWIRE,Precision Wires India Limited
AXITA,Axita Cotton Limited
GRMOVER,GRM Overseas Limited
GTPL,GTPL Hathway Limited
IGARASHI,Igarashi Motors India Limited
INFOBEAN,InfoBeans Technologies Limited
ALICON,Alicon Castalloy Limited
THEMISMED,Themis Medicare Limited
TVTODAY,TV Today Network Limited
WHEELS,Wheels India Limited
RPSGVENT,RPSG VENTURES LIMITED
RAMCOIND,Ramco Industries Limited
SMLISUZU,SML Isuzu Limited
AHL,Abans Holdings Limited
UNIENTER,Uniphos Enterprises Limited
SATIN,Satin Creditcare Network Limited
KUANTUM,Kuantum Papers Limited
GANESHBE,Ganesh Benzoplast Limited
SUVEN,Suven Life Sciences Limited
SATIA,Satia Industries Limited
GULPOLY,Gulshan Polyols Limited
UGARSUGAR,The Ugar Sugar Works Limited
MANALIPETC,Manali Petrochemicals Limited
PIXTRANS,Pix Transmissions Limited
SHRIRAMPPS,Shriram Properties Limited
RADIANTCMS,Radiant Cash Management Services Limited
PNBGILTS,PNB Gilts Limited
INDORAMA,Indo Rama Synthetics (India) Limited
ASHAPURMIN,Ashapura Minechem Limited
UGROCAP,Ugro Capital Limited
AXISCADES,AXISCADES Technologies Limited
HITECH,Hi-Tech Pipes Limited
PUNJABCHEM,Punjab Chemicals & Crop Protection Limited
SURYODAY,Suryoday Small Finance Bank Limited
EKC,Everest Kanto Cylinder Limited
JASH,Jash Engineering Limited
DPSCLTD,DPSC Limited
TARC,TARC Limited
BHARATWIRE,Bharat Wire Ropes Limited
EXCELINDUS,Excel Industries Limited
SPECIALITY,Speciality Restaurants Limited
ANUP,The Anup Engineering Limited
SKIPPER,Skipper Limited
AJMERA,Ajmera Realty & Infra India Limited
SHALPAINTS,Shalimar Paints Limited
GMBREW,GM Breweries Limited
SANGAMIND,Sangam (India) Limited
SHIVALIK,Shivalik Rasayan Limited
GMRP&UI,GMR Power and Urban Infra Limited
PENIND,Pennar Industries Limited
GEOJITFSL,Geojit Financial Services Limited
BCLIND,Bcl Industries Limited
DBOL,Dhampur Bio Organics Limited
SHAILY,Shaily Engineering Plastics Limited
LIKHITHA,Likhitha Infrastructure Limited
MADRASFERT,Madras Fertilizers Limited
STEELCAS,Steelcast Limited
MKPL,M K Proteins Limited
ROSSELLIND,Rossell India Limited
KITEX,Kitex Garments Limited
PRAKASH,Prakash Industries Limited
ARTEMISMED,Artemis Medicare Services Limited
RICOAUTO,Rico Auto Industries Limited
OMAXE,Omaxe Limited
CENTUM,Centum Electronics Limited
ROTO,Roto Pumps Limited
PRECAM,Precision Camshafts Limited
BIGBLOC,Bigbloc Construction Limited
SHREDIGCEM,Shree Digvijay Cement Co.Ltd
CLSEL,Chaman Lal Setia Exports Limited
GTLINFRA,GTL Infrastructure Limited
PGIL,Pearl Global Industries Limited
UTTAMSUGAR,Uttam Sugar Mills Limited
AVADHSUGAR,Avadh Sugar & Energy Limited
PITTIENG,Pitti Engineering Limited
5PAISA,5Paisa Capital Limited
NAHARSPING,Nahar Spinning Mills Limited
SPCENET,Spacenet Enterprises India Limited
SPORTKING,Sportking India Limited
DEEPINDS,Deep Industries Limited
PARAGMILK,Parag Milk Foods Limited
AGARIND,Agarwal Industrial Corporation Limited
CONTROLPR,Control Print Limited
BAJAJHCARE,Bajaj Healthcare Limited
KAMDHENU,Kamdhenu Limited
CHEMCON,Chemcon Speciality Chemicals Limited
GICHSGFIN,GIC Housing Finance Limited
MEDICAMEQ,Medicamen Biotech Limited
DLINKINDIA,D-Link (India) Limited
ARIHANTSUP,Arihant Superstructures Limited
VHL,Vardhman Holdings Limited
PFS,PTC India Financial Services Limited
HEXATRADEX,Hexa Tradex Limited
RILINFRA,Rachana Infrastructure Limited
CAPACITE,Capacit'e Infraprojects Limited
SPAL,S. P. Apparels Limited
NCLIND,NCL Industries Limited
63MOONS,63 moons technologies limited
NAVKARCORP,Navkar Corporation Limited
ORIENTPPR,Orient Paper & Industries Limited
DREDGECORP,Dredging Corporation of India Limited
AMBIKCO,Ambika Cotton Mills Limited
CENTRUM,Centrum Capital Limited
LINC,Linc Limited
RGL,Renaissance Global Limited
SCHAND,S Chand And Company Limited
NELCAST,Nelcast Limited
FAZE3Q,Faze Three Limited
KICL,Kalyani Investment Company Limited
DVL,Dhunseri Ventures Limited
JAGSNPHARM,Jagsonpal Pharmaceuticals Limited
POKARNA,Pokarna Limited
IFGLEXPOR,IFGL Refractories Limited
TRIL,Transformers And Rectifiers (India) Limited
CENTENKA,Century Enka Limited
SMCGLOBAL,SMC Global Securities Limited
ROHLTD,Royal Orchid Hotels Limited
INDNIPPON,India Nippon Electricals Limited
SHAKTIPUMP,Shakti Pumps (India) Limited
NGLFINE,NGL Fine-Chem Limited
IMPAL,India Motor Parts and Accessories Limited
BLISSGVS,Bliss GVS Pharma Limited
ALLSEC,Allsec Technologies Limited
ORIENTBELL,Orient Bell Limited
MANGLMCEM,Mangalam Cement Limited
SANDESH,The Sandesh Limited
BODALCHEM,Bodal Chemicals Limited
ESTER,Ester Industries Limited
ZOTA,Zota Health Care LImited
RSWM,RSWM Limited
INDRAMEDCO,Indraprastha Medical Corporation Limited
QUICKHEAL,Quick Heal Technologies Limited
SRHHYPOLTD,Sree Rayalaseema Hi-Strength Hypo Limited
AURIONPRO,Aurionpro Solutions Limited
GSLSU,Global Surfaces Limited
SASTASUNDR,Sastasundar Ventures Limited
MANAKSIA,Manaksia Limited
AWHCL,Antony Waste Handling Cell Limited
BLKASHYAP,B. L. Kashyap and Sons Limited
RAMRAT,Ram Ratna Wires Limited
JINDRILL,Jindal Drilling And Industries Limited
VIMTALABS,Vimta Labs Limited
CLOUD,Varanium Cloud Limited
DPABHUSHAN,D. P. Abhushan Limited
MOLDTECH,Mold-Tek Technologies Limited
ATULAUTO,Atul Auto Limited
KOKUYOCMLN,Kokuyo Camlin Limited
SIGACHI,Sigachi Industries Limited
HIMATSEIDE,Himatsingka Seide Limited
LINCOLN,Lincoln Pharmaceuticals Limited
GREENPOWER,Orient Green Power Company Limited
EMAMIPAP,Emami Paper Mills Limited
SATINDLTD,Sat Industries Limited
RAMCOSYS,Ramco Systems Limited
HPAL,HP Adhesives Limited
OCCL,Oriental Carbon & Chemicals Limited
FOCUS,Focus Lighting and Fixtures Limited
GEPIL,GE Power India Limited
SUTLEJTEX,Sutlej Textiles and Industries Limited
PANACEABIO,Panacea Biotec Limited
JAIBALAJI,Jai Balaji Industries Limited
RML,Rane (Madras) Limited
JETAIRWAYS,Jet Airways (India) Limited
TRACXN,Tracxn Technologies Limited
KHAICHEM,Khaitan Chemicals & Fertilizers Limited
TNPETRO,Tamilnadu PetroProducts Limited
ONWARDTEC,Onward Technologies Limited
TFCILTD,Tourism Finance Corporation of India Limited
ONMOBILE,OnMobile Global Limited
INNOVANA,Innovana Thinklabs Limited
GANDHITUBE,Gandhi Special Tubes Limited
TEXINFRA,Texmaco Infrastructure & Holdings Limited
MEDICO,Medico Remedies Limited
TVSELECT,TVS Electronics Limited
HEUBACHIND,Heubach Colorants India Limited
VINYLINDIA,Vinyl Chemicals (India) Limited
PARACABLES,Paramount Communications Limited
FOODSIN,Foods & Inns Limited
HLVLTD,HLV LIMITED
COFFEEDAY,Coffee Day Enterprises Limited
BETA,Beta Drugs Limited
APEX,Apex Frozen Foods Limited
YUKEN,Yuken India Limited
ELIN,Elin Electronics Limited
MONARCH,Monarch Networth Capital Limited
DMCC,DMCC SPECIALITY CHEMICALS LIMITED
CHEVIOT,Cheviot Company Limited
XCHANGING,Xchanging Solutions Limited
VISAKAIND,Visaka Industries Limited
SUMMITSEC,Summit Securities Limited
SUKHJITS,Sukhjit Starch & Chemicals Limited
INDIANHUME,Indian Hume Pipe Company Limited
JUBLINDS,Jubilant Industries Limited
ASALCBR,Associated Alcohols & Breweries Ltd.
DECCANCE,Deccan Cements Limited
JAYBARMARU,Jay Bharat Maruti Limited
COOLCAPS,Cool Caps Industries Limited
APOLLO,Apollo Micro Systems Limited
ELDEHSG,Eldeco Housing And Industries Limited
HERCULES,Hercules Hoists Limited
4THDIM,Fourth Dimension Solutions Limited
KRITI,Kriti Industries (India) Limited
AGSTRA,AGS Transact Technologies Limited
NAHARPOLY,Nahar Poly Films Limited
MANINDS,Man Industries (India) Limited
ENIL,Entertainment Network (India) Limited
SYNCOMF,Syncom Formulations (India) Limited
KAMOPAINTS,Kamdhenu Ventures Limited
NAGAFERT,Nagarjuna Fertilizers and Chemicals Limited
SCPL,Sheetal Cool Products Limited
HPL,HPL Electric & Power Limited
INDOAMIN,Indo Amines Limited
DCMSRIND,DCM Shriram Industries Limited
MENONBE,Menon Bearings Limited
VASCONEQ,Vascon Engineers Limited
VLSFINANCE,VLS Finance Limited
BALAXI,BALAXI PHARMACEUTICALS LIMITED
ZEEMEDIA,Zee Media Corporation Limited
CREATIVE,Creative Newtech Limited
KRISHIVAL,Empyrean Cashews Limited
SNOWMAN,Snowman Logistics Limited
KOPRAN,Kopran Limited
SHREYAS,Shreyas Shipping & Logistics Limited
REFEX,Refex Industries Limited
KSOLVES,Ksolves India Limited
GFLLIMITED,GFL Limited
SPECTRUM,Spectrum Electrical Industries Limited
RUSHIL,Rushil Decor Limited
IRISDOREME,Iris Clothings Limited
BINDALAGRO,Oswal Chemicals & Fertilizers Limited
SELMC,SEL Manufacturing Company Limited
BHAGERIA,Bhageria Industries Limited
ZUARI,Zuari Agro Chemicals Limited
TALBROAUTO,Talbros Automotive Components Limited
RUBYMILLS,The Ruby Mills Limited
OSWALSEEDS,ShreeOswal Seeds And Chemicals Limited
DPWIRES,D P Wires Limited
SMSPHARMA,SMS Pharmaceuticals Limited
DHARMAJ,Dharmaj Crop Guard Limited
RBL,Rane Brake Lining Limited
GOYALALUM,Goyal Aluminiums Limited
NRL,Nupur Recyclers Limited
MIRZAINT,Mirza International Limited
VIKASLIFE,Vikas Lifecare Limited
WINDLAS,Windlas Biotech Limited
HITECHGEAR,The Hi-Tech Gears Limited
SHREEPUSHK,Shree Pushkar Chemicals & Fertilisers Limited
SPENCERS,Spencer's Retail Limited
KANORICHEM,Kanoria Chemicals & Industries Limited
JPOLYINVST,Jindal Poly Investment and Finance Company Limited
ASAL,Automotive Stampings and Assemblies Limited
SILVERTUC,Silver Touch Technologies Limited
3IINFOLTD,3i Infotech Limited
MALLCOM,Mallcom (India) Limited
CREST,Crest Ventures Limited
REPRO,Repro India Limited
MARINE,Marine Electricals (India) Limited
KECL,Kirloskar Electric Company Limited
DENORA,De Nora India Limited
EXXARO,Exxaro Tiles Limited
MAGADSUGAR,Magadh Sugar & Energy Limited
ASIANTILES,Asian Granito India Limited
JAYAGROGN,Jayant Agro Organics Limited
DIGISPICE,DiGiSPICE Technologies Limited
BBTCL,B&B Triplewall Containers Limited
PREMEXPLN,Premier Explosives Limited
SWELECTES,Swelect Energy Systems Limited
KELLTONTEC,Kellton Tech Solutions Limited
MUTHOOTCAP,Muthoot Capital Services Limited
APCL,Anjani Portland Cement Limited
ASIANENE,Asian Energy Services Limited
DONEAR,Donear Industries Limited
ADSL,Allied Digital Services Limited
BANSWRAS,Banswara Syntex Limited
NAHARCAP,Nahar Capital and Financial Services Limited
ICEMAKE,Ice Make Refrigeration Limited
BAIDFIN,Baid Finserv Limited
STCINDIA,The State Trading Corporation of India Limited
TBZ,Tribhovandas Bhimji Zaveri Limited
SALZERELEC,Salzer Electronics Limited
IFBAGRO,IFB Agro Industries Limited
PTL,PTL Enterprises Limited
ARIHANTCAP,Arihant Capital Markets Limited
CSLFINANCE,CSL Finance Limited
JSLL,Jeena Sikho Lifecare Limited
UNIVPHOTO,Universus Photo Imagings Limited
HARDWYN,Hardwyn India Limited
DSSL,Dynacons Systems & Solutions Limited
REVATHI,Revathi Equipment Limited
HCL-INSYS,HCL Infosystems Limited
PLASTIBLEN,Plastiblends India Limited
UNIDT,United Drilling Tools Limited
CAREERP,Career Point Limited
ARROWGREEN,Arrow Greentech Limited
SREEL,Sreeleathers Limited
SBC,SBC Exports Limited
RADIOCITY,Music Broadcast Limited
SERVOTECH,Servotech Power Systems Limited
SAKAR,Sakar Healthcare Limited
BALAJITELE,Balaji Telefilms Limited
NXTDIGITAL,NXTDIGITAL LIMITED
GOACARBON,Goa Carbon Limited
BIRLACABLE,Birla Cable Limited
RITCO,Ritco Logistics Limited
SELAN,Selan Exploration Technology Limited
ASCOM,Ascom Leasing & Investments Limited
OSIAHYPER,Osia Hyper Retail Limited
HINDCOMPOS,Hindustan Composites Limited
DHANBANK,Dhanlaxmi Bank Limited
DYCL,Dynamic Cables Limited
DHUNINV,Dhunseri Investments Limited
EIFFL,Euro India Fresh Foods Limited
MUNJALAU,Munjal Auto Industries Limited
NAHARINDUS,Nahar Industrial Enterprises Limited
DELPHIFX,DELPHI WORLD MONEY LIMITED
URJA,Urja Global Limited
PRIMESECU,Prime Securities Limited
NECLIFE,Nectar Lifesciences Limited
NBIFIN,N. B. I. Industrial Finance Company Limited
GRPLTD,GRP Limited
MAWANASUG,Mawana Sugars Limited
ZIMLAB,Zim Laboratories Limited
PDMJEPAPER,Pudumjee Paper Products Limited
ONEPOINT,One Point One Solutions Limited
MAXIND,Max India Limited
SHYAMCENT,Shyam Century Ferrous Limited
VARDHACRLC,Vardhman Acrylics Limited
RADHIKAJWE,Radhika Jeweltech Limited
NPST,Network People Services Technologies Limited
THEINVEST,The Investment Trust Of India Limited
HTMEDIA,HT Media Limited
NRAIL,N R Agarwal Industries Limited
RCOM,Reliance Communications Limited
DICIND,DIC India Limited
OSWALAGRO,Oswal Agro Mills Limited
POCL,Pondy Oxides & Chemicals Limited
AARTISURF,Aarti Surfactants Limited
SKMEGGPROD,SKM Egg Products Export (India) Limited
SOLEX,Solex Energy Limited
DEEPENR,DEEP ENERGY RESOURCES LIMITED
FCSSOFT,FCS Software Solutions Limited
MUNJALSHOW,Munjal Showa Limited
KOTHARIPRO,Kothari Products Limited
PONNIERODE,Ponni Sugars (Erode) Limited
CHEMBOND,Chembond Chemicals Ltd
USASEEDS,Upsurge Seeds Of Agriculture Limited
KERNEX,Kernex Microsystems (India) Limited
RANASUG,Rana Sugars Limited
CUPID,Cupid Limited
BGRENERGY,BGR Energy Systems Limited
GENUSPAPER,Genus Paper & Boards Limited
GSS,GSS Infotech Limited
PENINLAND,Peninsula Land Limited
JYOTISTRUC,Jyoti Structures Limited
ADVANIHOTR,Advani Hotels & Resorts (India) Limited
KAYA,Kaya Limited
KOTHARIPET,Kothari Petrochemicals Limited
LIBERTSHOE,Liberty Shoes Limited
KHADIM,Khadim India Limited
PPL,Prakash Pipes Limited
VIPCLOTHNG,VIP Clothing Limited
NDRAUTO,Ndr Auto Components Limited
PROZONINTU,Prozone Intu Properties Limited
INDOBORAX,Indo Borax & Chemicals Limited
CONSOFINVT,Consolidated Finvest & Holdings Limited
INDSWFTLAB,Ind-Swift Laboratories Limited
ZUARIIND,ZUARI INDUSTRIES LIMITED
GVKPIL,GVK Power & Infrastructure Limited
SBGLP,Suratwwala Business Group Limited
HIRECT,Hind Rectifiers Limited
CHEMFAB,Chemfab Alkalis Limited
GLOBAL,Global Education Limited
ANNAPURNA,Annapurna Swadisht Limited
INTLCONV,International Conveyors Limited
EMKAYTOOLS,Emkay Taps and Cutting Tools Limited
ORBTEXP,Orbit Exports Limited
SOUTHWEST,South West Pinnacle Exploration Limited
KAMATHOTEL,Kamat Hotels (I) Limited
RAJMET,Rajnandini Metal Limited
RAMAPHO,Rama Phosphates Limited
OMINFRAL,OM INFRA LIMITED
HMVL,Hindustan Media Ventures Limited
AYMSYNTEX,AYM Syntex Limited
MSPL,MSP Steel & Power Limited
WEALTH,Wealth First Portfolio Managers Limited
UNITECH,Unitech Limited
WEBELSOLAR,Websol Energy System Limited
NURECA,Nureca Limited
LYKALABS,Lyka Labs Limited
GKWLIMITED,GKW Limited
MHLXMIRU,Mahalaxmi Rubtech Limited
AURUM,Aurum PropTech Limited
SKYGOLD,Sky Gold Limited
ALBERTDAVD,Albert David Limited
SHIVAUM,Shiv Aum Steels Limited
PAVNAIND,Pavna Industries Limited
CINELINE,Cineline India Limited
KOTARISUG,Kothari Sugars And Chemicals Limited
SHEMAROO,Shemaroo Entertainment Limited
SILINV,SIL Investments Limited
SKP,SKP Bearing Industries Limited
MMP,MMP Industries Limited
EQUIPPP,Equippp Social Impact Technologies Limited
MANORG,Mangalam Organics Limited
CYBERTECH,Cybertech Systems And Software Limited
TRIGYN,Trigyn Technologies Limited
SINTERCOM,Sintercom India Limited
JINDALPHOT,Jindal Photo Limited
SARLAPOLY,Sarla Performance Fibers Limited
RUCHIRA,Ruchira Papers Limited
ESSENTIA,Integra Essentia Limited
MACPOWER,Macpower CNC Machines Limited
AUTOIND,Autoline Industries Limited
ORIENTABRA,Orient Abrasives Limited
APOLSINHOT,Apollo Sindoori Hotels Limited
DYNPRO,Dynemic Products Limited
CLEDUCATE,CL Educate Limited
PARSVNATH,Parsvnath Developers Limited
GSCLCEMENT,Gujarat Sidhee Cement Limited
MIRCELECTR,MIRC Electronics Limited
VISHWARAJ,Vishwaraj Sugar Industries Limited
HINDMOTORS,Hindustan Motors Limited
NINSYS,NINtec Systems Limited
NATHBIOGEN,Nath Bio-Genes (India) Limited
KNAGRI,KN Agri Resources Limited
GEECEE,GeeCee Ventures Limited
KCPSUGIND,KCP Sugar and Industries Corporation Limited
STEL,Stel Holdings Limited
PODDARMENT,Poddar Pigments Limited
KOTYARK,Kotyark Industries Limited
HITECHCORP,Hitech Corporation Limited
EUROBOND,Euro Panel Products Limited
MICEL,MIC Electronics Limited
ORICONENT,Oricon Enterprises Limited
20MICRONS,20 Microns Limited
MWL,Mangalam Worldwide Limited
MINDTECK,Mindteck (India) Limited
BMETRICS,Bombay Metrics Supply Chain Limited
GOKUL,Gokul Refoils and Solvent Limited
SECL,Salasar Exteriors and Contour Limited
DUGLOBAL,DUDIGITAL GLOBAL LIMITED
WEL,Wonder Electricals Limited
SUPERHOUSE,Superhouse Limited
LOYALTEX,Loyal Textile Mills Limited
BPL,BPL Limited
BIRLAMONEY,Aditya Birla Money Limited
GPTINFRA,GPT Infraprojects Limited
E2E,E2E Networks Limited
SHIVAMAUTO,Shivam Autotech Limited
DCMNVL,DCM Nouvelle Limited
MAZDA,Mazda Limited
MADHAVBAUG,Vaidya Sane Ayurved Laboratories Limited
WINDMACHIN,Windsor Machines Limited
BASML,Bannari Amman Spinning Mills Limited
WALCHANNAG,Walchandnagar Industries Limited
SEJALLTD,Sejal Glass Limited
UCALFUEL,Ucal Fuel Systems Limited
MAHEPC,Mahindra EPC Irrigation Limited
V2RETAIL,V2 Retail Limited
SAKUMA,Sakuma Exports Limited
VERTOZ,Vertoz Advertising Limited
KMSUGAR,K.M.Sugar Mills Limited
ASHIMASYN,Ashima Limited
UFO,UFO Moviez India Limited
VIKASECO,Vikas EcoTech Limited
SAKHTISUG,Sakthi Sugars Limited
MAHESHWARI,Maheshwari Logistics Limited
MAANALU,Maan Aluminium Limited
HUBTOWN,Hubtown Limited
REPL,Rudrabhishek Enterprises Limited
QMSMEDI,QMS Medical Allied Services Limited
MANAKSTEEL,Manaksia Steels Limited
EMAMIREAL,Emami Realty Limited
GENCON,Generic Engineering Construction and Projects Limited
STARPAPER,Star Paper Mills Limited
GUJAPOLLO,Gujarat Apollo Industries Limited
JAYSREETEA,Jayshree Tea & Industries Limited
NDL,Nandan Denim Limited
BCONCEPTS,Brand Concepts Limited
GIRRESORTS,GIR Natureview Resorts Limited
SMLT,Sarthak Metals Limited
TPLPLASTEH,TPL Plastech Limited
TEMBO,Tembo Global Industries Limited
DANGEE,Dangee Dums Limited
NIPPOBATRY,Indo-National Limited
ASIANHOTNR,Asian Hotels (North) Limited
BRNL,Bharat Road Network Limited
PPAP,PPAP Automotive Limited
PASUPTAC,Pasupati Acrylon Limited
FROG,Frog Cellsat Limited
ASAHISONG,Asahi Songwon Colors Limited
PRECOT,Precot Limited
MEP,MEP Infrastructure Developers Limited
VENUSREM,Venus Remedies Limited
KILITCH,Kilitch Drugs (India) Limited
BTML,Bodhi Tree Multimedia Limited
MEGASTAR,Megastar Foods Limited
DRCSYSTEMS,DRC Systems India Limited
ZODIACLOTH,Zodiac Clothing Company Limited
HILTON,Hilton Metal Forging Limited
INDOTHAI,Indo Thai Securities Limited
JITFINFRA,JITF Infralogistics Limited
EROSMEDIA,Eros International Media Limited
DEVIT,Dev Information Technology Limited
BIL,Bhartiya International Limited
EIMCOELECO,Eimco Elecon (India) Limited
ANMOL,Anmol India Limited
COASTCORP,Coastal Corporation Limited
RAJTV,Raj Television Network Limited
KORE,Jay Jalaram Technologies Limited
RELCAPITAL,Reliance Capital Limited
MGEL,Mangalam Global Enterprise Limited
FOCE,Foce India Limited
INDTERRAIN,Indian Terrain Fashions Limited
TAKE,Take Solutions Limited
TOTAL,Total Transport Systems Limited
ACCURACY,Accuracy Shipping Limited
AVG,AVG Logistics Limited
HARRMALAYA,Harrisons  Malayalam Limited
SHREYANIND,Shreyans Industries Limited
LOKESHMACH,Lokesh Machines Limited
LGBFORGE,LGB Forge Limited
SYSTANGO,Systango Technologies Limited
SIGMA,Sigma Solve Limited
MARALOVER,Maral Overseas Limited
ABAN,Aban Offshore Limited
BAFNAPH,Bafna Pharmaceuticals Limited
BEDMUTHA,Bedmutha Industries Limited
SIMPLEXINF,Simplex Infrastructures Limited
ARIES,Aries Agro Limited
DTIL,Dhunseri Tea & Industries Limited
KRITINUT,Kriti Nutrients Limited
IVC,IL&FS Investment Managers Limited
IITL,Industrial Investment Trust Limited
SWASTIK,Swastik Pipe Limited
AARON,Aaron Industries Limited
VITAL,Vital Chemtech Limited
BEWLTD,BEW Engineering Limited
NILAINFRA,Nila Infrastructures Limited
INDOTECH,Indo Tech Transformers Limited
PVP,PVP Ventures Limited
AHLEAST,Asian Hotels (East) Limited
SAH,Sah Polymers Limited
TIPSFILMS,Tips Films Limited
PHANTOMFX,Phantom Digital Effects Limited
DUCOL,Ducol Organics And Colours Limited
KANPRPLA,Kanpur Plastipack Limited
VINNY,Vinny Overseas Limited
MCLEODRUSS,Mcleod Russel India Limited
TRF,TRF Limited
ALLETEC,All E Technologies Limited
MANOMAY,Manomay Tex India Limited
INSPIRISYS,Inspirisys Solutions Limited
AIRAN,Airan Limited
MODISONLTD,MODISON LIMITED
MURUDCERA,Murudeshwar Ceramics Limited
TIRUPATI,Shree Tirupati Balajee FIBC Limited
PAR,Par Drugs And Chemicals Limited
SGIL,Synergy Green Industries Limited
SPLIL,SPL Industries Limited
GEEKAYWIRE,Geekay Wires Limited
PALREDTEC,Palred Technologies Limited
ESSARSHPNG,Essar Shipping Limited
SIL,Standard Industries Limited
PRITI,Priti International Limited
AKSHARCHEM,AksharChem India Limited
RAMANEWS,Shree Rama Newsprint Limited
RUCHINFRA,Ruchi Infrastructure Limited
ALANKIT,Alankit Limited
MEGASOFT,Megasoft Limited
IZMO,IZMO Limited
GULFPETRO,GP Petroleums Limited
TOUCHWOOD,Touchwood Entertainment Limited
SARVESHWAR,Sarveshwar Foods Limited
TARMAT,Tarmat Limited
RPPL,Rajshree Polypack Limited
IEL,Indiabulls Enterprises Limited
BHARATGEAR,Bharat Gears Limited
GOLDTECH,Goldstone Technologies Limited
MBLINFRA,MBL Infrastructure Limited
PROPEQUITY,P. E. Analytics Limited
EMKAY,Emkay Global Financial Services Limited
IL&FSENGG,IL&FS Engineering and Construction Company Limited
BSL,BSL Limited
UNITEDPOLY,United Polyfab Gujarat Limited
PASHUPATI,Pashupati Cotspin Limited
SHIVATEX,Shiva Texyarn Limited
MANGALAM,Mangalam Drugs And Organics Limited
KRISHNADEF,Krishna Defence and Allied Industries Limited
PREMIERPOL,Premier Polyfilm Limited
SMSLIFE,SMS Lifesciences India Limited
GOLDSTAR,Goldstar Power Limited
BROOKS,Brooks Laboratories Limited
VAISHALI,Vaishali Pharma Limited
ALMONDZ,Almondz Global Securities Limited
3RDROCK,3rd Rock Multimedia Limited
PRESSMN,Pressman Advertising Limited
AARVI,Aarvi Encon Limited
AKSHAR,Akshar Spintex Limited
LATTEYS,Latteys Industries Limited
VISESHINFO,Visesh Infotecnics Limited
BHAGYANGR,Bhagyanagar India Limited
TTL,T T Limited
SADBHAV,Sadbhav Engineering Limited
COMPUSOFT,Compucom Software Limited
KAKATCEM,Kakatiya Cement Sugar & Industries Limited
RPPINFRA,R.P.P. Infra Projects Limited
SVLL,Shree Vasu Logistics Limited
SMARTLINK,Smartlink Holdings Limited
ASPINWALL,Aspinwall and Company Limited
LAMBODHARA,Lambodhara Textiles Limited
DJML,DJ Mediaprint & Logistics Limited
TIL,TIL Limited
ELGIRUBCO,Elgi Rubber Company Limited
JAINAM,Jainam Ferro Alloys (I) Limited
WORTH,Worth Peripherals Limited
ISFT,Intrasoft Technologies Limited
GINNIFILA,Ginni Filaments Limited
PILITA,PIL ITALICA LIFESTYLE LIMITED
SOFTTECH,Softtech Engineers Limited
DUCON,Ducon Infratechnologies Limited
VETO,Veto Switchgears And Cables Limited
RANEENGINE,Rane Engine Valve Limited
AVONMORE,Avonmore Capital & Management Services Limited
KBCGLOBAL,KBC Global Limited
PANSARI,Pansari Developers Limited
MODIRUBBER,Modi Rubber Limited
INVENTURE,Inventure Growth & Securities Limited
KAPSTON,Kapston Services Limited
AKSHOPTFBR,Aksh Optifibre Limited
JMA,Jullundur Motor Agency (Delhi) Limited
EMMBI,Emmbi Industries Limited
NITCO,Nitco Limited
IRIS,Iris Business Services Limited
SHERA,Shera Energy Limited
DRSDILIP,DRS Dilip Roadlines Limited
UNITEDTEA,The United Nilgiri Tea Estates Company Limited
JOCIL,Jocil Limited
MANAKALUCO,Manaksia Aluminium Company Limited
VIPULLTD,Vipul Limited
SIKKO,Sikko Industries Limited
GILLANDERS,Gillanders Arbuthnot & Company Limited
SVPGLOB,SVP GLOBAL TEXTILES LIMITED
VISASTEEL,Visa Steel Limited
DCM,DCM  Limited
INTENTECH,Intense Technologies Limited
TEXMOPIPES,Texmo Pipes and Products Limited
WEIZMANIND,Weizmann Limited
BYKE,The Byke Hospitality Ltd
RAJSREESUG,Rajshree Sugars & Chemicals Limited
ZODIAC,Zodiac Energy Limited
ARSHIYA,Arshiya Limited
UMANGDAIRY,Umang Dairies Limited
LOVABLE,Lovable Lingerie Limited
HOMESFY,Homesfy Realty Limited
ALPHAGEO,Alphageo (India) Limited
NDGL,Naga Dhunseri Group Limited
PRAXIS,Praxis Home Retail Limited
ARTNIRMAN,Art Nirman Limited
SHIGAN,Shigan Quantum Technologies Limited
NOIDATOLL,Noida Toll Bridge Company Limited
UMAEXPORTS,Uma Exports Limited
VELS,Vels Film International Limited
ATLANTA,Atlanta  Limited
MOTOGENFIN,The Motor & General Finance Limited
AVROIND,AVRO INDIA LIMITED
SALONA,Salona Cotspin Limited
INDIANCARD,Indian Card Clothing Company Limited
SPTL,Sintex Plastics Technology Limited
PRITIKAUTO,Pritika Auto Industries Limited
URAVI,Uravi T and Wedge Lamps Limited
IVP,IVP Limited
MAHAPEXLTD,Maha Rashtra Apex Corporation Limited
SOMATEX,Soma Textiles & Industries Limited
LEXUS,Lexus Granito (India) Limited
WANBURY,Wanbury Limited
LOTUSEYE,Lotus Eye Hospital and Institute Limited
KREBSBIO,Krebs Biochemicals and Industries Limited
RNAVAL,Reliance Naval and Engineering Limited
WSI,W S Industries (I) Limited
RHFL,Reliance Home Finance Limited
HDIL,Housing Development and Infrastructure Limited
DCI,Dc Infotech And Communication Limited
RVHL,Ravinder Heights Limited
XELPMOC,Xelpmoc Design And Tech Limited
RKEC,RKEC Projects Limited
RELCHEMQ,Reliance Chemotex Industries Limited
DIL,Debock Industries Limited
ATALREAL,Atal Realtech Limited
KOHINOOR,Kohinoor Foods Limited
SALSTEEL,S.A.L. Steel Limited
A2ZINFRA,A2Z Infra Engineering Limited
TARACHAND,Tara Chand InfraLogistic Solutions Limited
INDOWIND,Indowind Energy Limited
BLBLIMITED,BLB Limited
FRETAIL,Future Retail Limited
ROML,Raj Oil Mills Limited
SURANAT&P,Surana Telecom and Power Limited
ALPA,Alpa Laboratories Limited
SUNDRMBRAK,Sundaram Brake Linings Limited
PARIN,Parin Furniture Limited
NILASPACES,Nila Spaces Limited
AHLADA,Ahlada Engineers Limited
MAGNUM,Magnum Ventures Limited
REMSONSIND,Remsons Industries Limited
STARTECK,Starteck Finance Limited
BOHRAIND,Bohra Industries Limited
COMPINFO,Compuage Infocom Limited
CORALFINAC,Coral India Finance & Housing Limited
MRO-TEK,MRO-TEK Realty Limited
SECURKLOUD,SECUREKLOUD TECHNOLOGIES LIMITED
ZEELEARN,Zee Learn Limited
SADBHIN,Sadbhav Infrastructure Project Limited
BALPHARMA,Bal Pharma Limited
NIRAJ,Niraj Cement Structurals Limited
GSTL,Globesecure Technologies Limited
OBCL,Orissa Bengal Carrier Limited
TAINWALCHM,Tainwala Chemical and Plastic (I) Limited
ARCHIDPLY,Archidply Industries Limited
JHS,JHS Svendgaard Laboratories Limited
SITINET,Siti Networks Limited
MUKTAARTS,Mukta Arts Limited
CMNL,Chaman Metallics Limited
GAYAPROJ,Gayatri Projects Limited
AKG,Akg Exim Limited
FCONSUMER,Future Consumer Limited
PALASHSECU,Palash Securities Limited
CCHHL,Country Club Hospitality & Holidays Limited
SIGIND,Signet Industries Limited
AIROLAM,Airo Lam limited
WELINV,Welspun Investments and Commercials Limited
LEMERITE,Le Merite Exports Limited
CTE,Cambridge Technology Enterprises Limited
UNIVASTU,Univastu India Limited
SUNDARAM,Sundaram Multi Pap Limited
MANAKCOAT,Manaksia Coated Metals & Industries Limited
ARVEE,Arvee Laboratories (India) Limited
SECURCRED,SecUR Credentials Limited
ASTRON,Astron Paper & Board Mill Limited
FLFL,Future Lifestyle Fashions Limited
STEELCITY,Steel City Securities Limited
LLOYDS,Lloyds Luxuries Limited
GANGESSECU,Ganges Securities Limited
INDBANK,Indbank Merchant Banking Services Limited
SUMIT,Sumit Woods Limited
FIBERWEB,Fiberweb (India) Limited
ALKALI,Alkali Metals Limited
LASA,Lasa Supergenerics Limited
JAIPURKURT,Nandani Creation Limited
MHHL,Mohini Health & Hygiene Limited
BAHETI,Baheti Recycling Industries Limited
DGCONTENT,Digicontent Limited
VMARCIND,V Marc India Limited
PKTEA,The Peria Karamalai Tea & Produce Company Limited
DAMODARIND,Damodar Industries Limited
NECCLTD,North Eastern Carrying Corporation Limited
CAPTRUST,Capital Trust Limited
MITCON,MITCON Consultancy & Engineering Services Limited
TIRUPATIFL,Tirupati Forge Limited
IL&FSTRANS,IL&FS Transportation Networks Limited
SRPL,Shree Ram Proteins Limited
SURYALAXMI,Suryalakshmi Cotton Mills Limited
CEREBRAINT,Cerebra Integrated Technologies Limited
KSHITIJPOL,Kshitij Polyline Limited
LAGNAM,Lagnam Spintex Limited
ANLON,Anlon Technology Solutions Limited
AMJLAND,Amj Land Holdings Limited
BINANIIND,Binani Industries Limited
PROLIFE,Prolife Industries Limited
INCREDIBLE,INCREDIBLE INDUSTRIES LIMITED
SHAHALLOYS,Shah Alloys Limited
AMDIND,AMD Industries Limited
OMAXAUTO,Omax Autos Limited
TOKYOPLAST,Tokyo Plast International Limited
GROBTEA,The Grob Tea Company Limited
ANIKINDS,Anik Industries Limited
SURANASOL,Surana Solar Limited
FIDEL,Fidel Softech Limited
MAHASTEEL,Mahamaya Steel Industries Limited
AURDIS,Aurangabad Distillery Limited
SIMBHALS,Simbhaoli Sugars Limited
GAL,Gyscoal Alloys Limited
GICL,Globe International Carriers Limited
KALYANIFRG,Kalyani Forge Limited
HINDCON,Hindcon Chemicals Limited
CORDSCABLE,Cords Cable Industries Limited
YAARI,Yaari Digital Integrated Services Limited
SONAMCLOCK,Sonam Clock Limited
MAHICKRA,Mahickra Chemicals Limited
HPIL,Hindprakash Industries Limited
LPDC,Landmark Property Development Company Limited
DBSTOCKBRO,DB (International) Stock Brokers Limited
AUSOMENT,Ausom Enterprise Limited
BALLARPUR,Ballarpur Industries Limited
AVSL,AVSL Industries Limited
SPMLINFRA,SPML Infra Limited
BANKA,Banka BioLoo Limited
GOLDENTOBC,Golden Tobacco Limited
GTL,GTL Limited
ENERGYDEV,Energy Development Company Limited
PANACHE,Panache Digilife Limited
PIGL,Power & Instrumentation (Gujarat) Limited
DELTAMAGNT,Delta Manufacturing Limited
SHRADHA,Shradha Infraprojects Limited
PIONEEREMB,Pioneer Embroideries Limited
GLOBALVECT,Global Vectra Helicorp Limited
BAGFILMS,B.A.G Films and Media Limited
WIPL,The Western India Plywoods Limited
NITIRAJ,Nitiraj Engineers Limited
BEARDSELL,Beardsell Limited
KRITIKA,Kritika Wires Limited
PATINTLOG,Patel Integrated Logistics Limited
SETCO,Setco Automotive Limited
PRAENG,Prajay Engineers Syndicate Limited
ELECTHERM,Electrotherm (India) Limited
UCL,Ushanti Colour Chem Limited
PRAKASHSTL,Prakash Steelage Limited
CINEVISTA,Cinevista Limited
SUULD,Suumaya Industries Limited
FLEXITUFF,Flexituff Ventures International Limited
MDL,Marvel Decor Limited
HISARMETAL,Hisar Metal Industries Limited
SUVIDHAA,Suvidhaa Infoserve Limited
BIOFILCHEM,Biofil Chemicals & Pharmaceuticals Limited
MARSHALL,Marshall Machines Limited
ARIHANTACA,Arihant Academy Limited
CELEBRITY,Celebrity Fashions Limited
VIAZ,Viaz Tyres Limited
DHRUV,Dhruv Consultancy Services Limited
CENTEXT,Century Extrusions Limited
DOLLEX,Dollex Agrotech Limited
BHANDARI,Bhandari Hosiery Exports Limited
TREJHARA,TREJHARA SOLUTIONS LIMITED
FELIX,Felix Industries Limited
NGIL,Nakoda Group of Industries Limited
SUPREMEINF,Supreme Infrastructure India Limited
AGROPHOS,Agro Phos India Limited
MCL,Madhav Copper Limited
OILCOUNTUB,Oil Country Tubular Limited
UMA,Uma Converter Limited
MORARJEE,Morarjee Textiles Limited
SRIVASAVI,Srivasavi Adhesive Tapes Limited
AAREYDRUGS,Aarey Drugs & Pharmaceuticals Limited
AAKASH,Aakash Exploration Services Limited
VASWANI,Vaswani Industries Limited
KANANIIND,Kanani Industries Limited
ARCHIES,Archies Limited
SHIVAMILLS,Shiva Mills Limited
IPSL,Integrated Personnel Services Limited
TREEHOUSE,Tree House Education & Accessories Limited
BDR,BDR Buildcon Limited
VERTEXPLUS,Vertexplus Technologies Limited
KEYFINSERV,Keynote Financial Services Limited
KHFM,Khfm Hospitality And Facility Management Services Limited
AROGRANITE,Aro Granite Industries Limited
SEYAIND,Seya Industries Limited
GIRIRAJ,Giriraj Civil Developers Limited
RSSOFTWARE,R. S. Software (India) Limited
ORIENTLTD,Orient Press Limited
EXCEL,Excel Realty N Infra Limited
RELIABLE,Reliable Data Services Limited
AAATECH,AAA Technologies Limited
AGRITECH,Agri-Tech (India) Limited
LGHL,Laxmi Goldorna House Limited
SHRENIK,Shrenik Limited
ANKITMETAL,Ankit Metal & Power Limited
JETFREIGHT,Jet Freight Logistics Limited
VARDMNPOLY,Vardhman Polytex Limited
NIRMAN,Nirman Agri Gentics Limited
SHREERAMA,Shree Rama Multi-Tech Limited
SIDDHIKA,Siddhika Coatings Limited
BVCL,Barak Valley Cements Limited
KKVAPOW,KKV Agro Powers Limited
HOVS,HOV Services Limited
AMBANIORG,Ambani Organics Limited
FSC,Future Supply Chain Solutions Limited
ABMINTLLTD,ABM International Limited
SEPOWER,S.E. Power Limited
BANARBEADS,Banaras Beads Limited
REGENCERAM,Regency Ceramics Limited
PODDARHOUS,Poddar Housing and Development Limited
PENTAGOLD,Penta Gold Limited
PARTYCRUS,Party Cruisers Limited
SONAHISONA,Sona Hi Sona Jewellers (Gujarat) Limited
MALUPAPER,Malu Paper Mills Limited
MOKSH,Moksh Ornaments Limited
PULZ,Pulz Electronics Limited
RBMINFRA,Rbm Infracon Limited
ZENITHSTL,Zenith Steel Pipes & Industries Limited
NIDAN,Nidan Laboratories and Healthcare Limited
SAMBHAAV,Sambhaav Media Limited
UWCSL,Ultra Wiring Connectivity System Limited
BANG,Bang Overseas Limited
MRO,M.R. Organisation Limited
MINDPOOL,Mindpool Technologies Limited
TAPIFRUIT,Tapi Fruit Processing Limited
ABCOTS,A B Cotspin India Limited
PNC,Pritish Nandy Communications Limited
SURANI,Surani Steel Tubes Limited
PRECISION,Precision Metaliks Limited
TIMESGTY,Times Guaranty Limited
MANUGRAPH,Manugraph India Limited
ZENITHEXPO,Zenith Exports Limited
AARVEEDEN,Aarvee Denims & Exports Limited
SOMICONVEY,Somi Conveyor Beltings Limited
DKEGL,D.K. Enterprises Global Limited
ARHAM,Arham Technologies Limited
TIMESCAN,Timescan Logistics (India) Limited
SGL,STL Global Limited
WEWIN,WE WIN LIMITED
CMRSL,Cyber Media Research & Services Limited
SONUINFRA,Sonu Infratech Limited
VIVIANA,Viviana Power Tech Limited
AKASH,Akash Infra-Projects Limited
INDSWFTLTD,Ind-Swift Limited
KARMAENG,Karma Energy Limited
NAGREEKEXP,Nagreeka Exports Limited
BURNPUR,Burnpur Cement Limited
NIBL,NRB Industrial Bearings Limited
CUBEXTUB,Cubex Tubings Limited
AISL,ANI Integrated Services Limited
SHAIVAL,Shaival Reality Limited
VINEETLAB,Vineet Laboratories Limited
ARISTO,Aristo Bio-Tech And Lifescience Limited
TERASOFT,Tera Software Limited
CROWN,Crown Lifters Limited
JFLLIFE,Jfl Life Sciences Limited
GLOBE,Globe Textiles (India) Limited
3PLAND,3P Land Holdings Limited
VERA,Vera Synthetic Limited
MILTON,Milton Industries Limited
ADROITINFO,Adroit Infotech Limited
SHUBHLAXMI,Shubhlaxmi Jewel Art Limited
AGNI,Agni Green Power Limited
LFIC,Lakshmi Finance & Industrial Corporation Limited
VSCL,Vadivarhe Speciality Chemicals Limited
MADHAV,Madhav Marbles and Granites Limited
UJAAS,Ujaas Energy Limited
SUPERSPIN,Super Spinning Mills Limited
RKDL,Ravi Kumar Distilleries Limited
AMBICAAGAR,Ambica Agarbathies & Aroma industries Limited
ACEINTEG,Ace Integrated Solutions Limited
OMFURN,Omfurn India Limited
SWARAJ,Swaraj Suiting Limited
AJOONI,Ajooni Biotech Limited
KHANDSE,Khandwala Securities Limited
SAGARDEEP,Sagardeep Alloys Limited
REXPIPES,Rex Pipes And Cables Industries Limited
ADL,Archidply Decor Limited
MCON,Mcon Rasayan India Limited
CADSYS,Cadsys (India) Limited
HBSL,HB Stockholdings Limited
SANGINITA,Sanginita Chemicals Limited
GANGAFORGE,Ganga Forging Limited
ABINFRA,A B Infrabuild Limited
PERFECT,Perfect Infraengineers Limited
NARMADA,Narmada Agrobase Limited
RMDRIP,R M Drip and Sprinklers Systems Limited
NAGREEKCAP,Nagreeka Capital & Infrastructure Limited
LAXMICOT,Laxmi Cotspin Limited
PEARLPOLY,Pearl Polymers Limited
HECPROJECT,HEC Infra Projects Limited
SANWARIA,Sanwaria Consumer Limited
MEGAFLEX,Mega Flex Plastics Limited
GISOLUTION,GI Engineering Solutions Limited
PARASPETRO,Paras Petrofils Limited
RITEZONE,Rite Zone Chemcon India Limited
HEADSUP,Heads UP Ventures Limited
VCL,Vaxtex Cotfab Limited
PRITIKA,Pritika Engineering Components Limited
KEEPLEARN,DSJ Keep Learning Limited
COUNCODOS,Country Condo's Limited
ROLTA,Rolta India Limited
DHARSUGAR,Dharani Sugars & Chemicals Limited
ASLIND,ASL Industries Limited
AGARWALFT,Agarwal Float Glass India Limited
NEXTMEDIA,Next Mediaworks Limited
RICHA,Richa Info Systems Limited
DNAMEDIA,Diligent Media Corporation Limited
AMEYA,Ameya Precision Engineers Limited
DYNAMIC,Dynamic Services & Security Limited
LIBAS,Libas Consumer Products Limited
JETKNIT,Jet Knitwears Limited
BALKRISHNA,Balkrishna Paper Mills Limited
MTEDUCARE,MT Educare Limited
GODHA,Godha Cabcon & Insulation Limited
GOENKA,Goenka Diamond and Jewels Limited
HAVISHA,Sri Havisha Hospitality and Infrastructure Limited
QUADPRO,Quadpro Ites Limited
QFIL,Quality Foils (India) Limited
MADHUCON,Madhucon Projects Limited
ROLLT,Rollatainers Limited
CYBERMEDIA,Cyber Media (India) Limited
JAKHARIA,JAKHARIA FABRIC LIMITED
VEEKAYEM,Veekayem Fashion and Apparels Limited
TGBHOTELS,TGB Banquets And Hotels Limited
VIVIDHA,Visagar Polytex Limited
FMNL,Future Market Networks Limited
WALPAR,Walpar Nutritions Limited
DESTINY,Destiny Logistics & Infra Limited
SUMEETINDS,Sumeet Industries Limited
ICDSLTD,ICDS Limited
LRRPL,Lead Reclaim And Rubber Products Limited
MPTODAY,Madhya Pradesh Today Media Limited
21STCENMGM,21st Century Management Services Limited
HYBRIDFIN,Hybrid Financial Services Limited
SABAR,Sabar Flex India Limited
TFL,Transwarranty Finance Limited
IMPEXFERRO,Impex Ferro Tech Limited
INFOMEDIA,Infomedia Press Limited
NKIND,NK Industries Limited
SHANTI,Shanti Overseas (India) Limited
GRCL,Gayatri Rubbers And Chemicals Limited
FEL,Future Enterprises Limited
THOMASCOTT,Thomas Scott (India) Limited
KHAITANLTD,Khaitan (India) Limited
WILLAMAGOR,Williamson Magor & Company Limited
LCCINFOTEC,LCC Infotech Limited
UNIINFO,Uniinfo Telecom Services Limited
ASMS,Bartronics India Limited
VIVO,Vivo Collaboration Solutions Limited
GAYAHWS,Gayatri Highways Limited
CALSOFT,California Software Company Limited
MOXSH,Moxsh Overseas Educon Limited
ORIENTALTL,Oriental Trimex Limited
ONELIFECAP,Onelife Capital Advisors Limited
VIJIFIN,Viji Finance Limited
DIGJAMLMTD,Digjam Limited
KRIDHANINF,Kridhan Infra Limited
SILLYMONKS,Silly Monks Entertainment Limited
MAKS,Maks Energy Solutions India Limited
TANTIACONS,Tantia Constructions Limited
SUPREMEENG,Supreme Engineering Limited
SILGO,Silgo Retail Limited
MOHITIND,Mohit Industries Limited
EDUCOMP,Educomp Solutions Limited
EASTSILK,Eastern Silk Industries Limited
KANDARP,Kandarp Digi Smart BPO Limited
CMICABLES,CMI Limited
NATNLSTEEL,National Steel And Agro Industries Limited
MITTAL,Mittal Life Style Limited
SPRL,Sp Refractories Limited
ORTINLAB,Ortin Laboratories Limited
BRIGHT,Bright Solar Limited
KAUSHALYA,Kaushalya Infrastructure Development Corporation Limited
GUJRAFFIA,Gujarat Raffia Industries Limited
MASKINVEST,Mask Investments Limited
ISHAN,Ishan International Limited
CONTI,Continental Seeds and Chemicals Limited
AMIABLE,Amiable Logistics (India) Limited
AILIMITED,Abhishek Integrations Limited
EUROTEXIND,Eurotex Industries and Exports Limited
TIJARIA,Tijaria Polypipes Limited
TNTELE,Tamilnadu Telecommunication Limited
KALYANI,Kalyani Commercials Limited
SETUINFRA,Setubandhan Infrastructure Limited
GRETEX,Gretex Industries Limited
LYPSAGEMS,Lypsa Gems & Jewellery Limited
METALFORGE,Metalyst Forgings Limited
SSINFRA,S.S. Infrastructure Development Consultants Limited
SMVD,SMVD Poly Pack Limited
RMCL,Radha Madhav Corporation Limited
JALAN,Jalan Transolutions (India) Limited
SANCO,Sanco Industries Limited
VASA,Vasa Retail and Overseas Ltd
KAVVERITEL,Kavveri Telecom Products Limited
TECHIN,Techindia Nirman Limited
NORBTEAEXP,Norben Tea & Exports Limited
KCK,Kck Industries Limited
SPENTEX,Spentex Industries Limited
CREATIVEYE,Creative Eye Limited
ANTGRAPHIC,Antarctica Limited
TVVISION,TV Vision Limited
ABNINT,A B N Intercorp Limited
ARENTERP,Rajdarshan Industries Limited
UMESLTD,Usha Martin Education & Solutions Limited
SHYAMTEL,Shyam Telecom Limited
MANAV,Manav Infra Projects Limited
ACCORD,Accord Synergy Limited
DRL,Dhanuka Realty Limited
GLFL,Gujarat Lease Financing Limited
CMMIPL,CMM Infraprojects Limited
NIRAJISPAT,Niraj Ispat Industries Limited
DCMFINSERV,DCM Financial Services Limited
SRIRAM,Shri Ram Switchgears Limited
PREMIER,Premier Limited
SKSTEXTILE,SKS Textiles Limited
SABTN,Sri Adhikari Brothers Television Network Limited
TARAPUR,Tarapur Transformers Limited
BKMINDST,Bkm Industries Limited
ALPSINDUS,Alps Industries Limited
AHIMSA,Ahimsa Industries Limited
BHALCHANDR,Bhalchandram Clothing Limited
INNOVATIVE,Innovative Tyres and Tubes Limited
LAKPRE,Lakshmi Precision Screws Limited
TRANSWIND,Transwind Infrastructures Limited
MELSTAR,Melstar Information Technologies Limited
SABEVENTS,Sab Events & Governance Now Media Limited
INDLMETER,IMP Powers Limited
TECILCHEM,TECIL Chemicals and Hydro Power Limited
ABHISHEK,Abhishek Corporation Limited
AHLWEST,Asian Hotels (West) Limited
AIFL,Ashapura Intimates Fashion Limited
AJRINFRA,AJR Infra And Tolling Limited
ALCHEM,Alchemist Limited
AMJUMBO,A And M Jumbo Bags Limited
ANDHRACEMT,Andhra Cements Limited
ANSALAPI,Ansal Properties & Infrastructure Limited
ARCOTECH,Arcotech Limited
ARSSINFRA,Arss Infrastructure Projects Limited
ARTEDZ,Artedz Fabs Limited
ASIL,Amit Spinning Industries Limited
ATCOM,Atcom Technologies Limited
ATLASCYCLE,Atlas Cycles (Haryana) Limited
ATNINTER,ATN International Limited
AUTOLITIND,Autolite (India) Limited
AUTORIDFIN,Autoriders Finance Limited
BANSAL,Bansal Multiflex Limited
BGLOBAL,Bharatiya Global Infomedia Limited
BHARATIDIL,Bharati Defence and Infrastructure Limited
BILENERGY,Bil Energy Systems Limited
BIRLATYRE,Birla Tyres Limited
BLUEBLENDS,Blue Blends (I) Limited
BLUECHIP,Blue Chip India Limited
BLUECOAST,Blue Coast Hotels Limited
BRFL,Bombay Rayon Fashions Limited
CANDC,C & C Constructions Limited
CCCL,Consolidated Construction Consortium Limited
CELESTIAL,Celestial Biolabs Limited
CKFSL,Cox & Kings Financial Service Limited
DFMFOODS,DFM Foods Limited
DIAPOWER,Diamond Power Infra Ltd
DOLPHINOFF,Dolphin Offshore Enterprises (India) Limited
DQE,DQ Entertainment (International) Limited
DSKULKARNI,DS Kulkarni Developers Limited
EASTSUGIND,Eastern Sug & Inds Limited
EASUNREYRL,Easun Reyrolle Limited
EMCO,Emco Limited
EON,Eon Electric Limited
EUROCERA,Euro Ceramics Limited
EUROMULTI,Euro Multivision Limited
FEDDERELEC,Fedders Electric and Engineering Limited
FIVECORE,Five Core Electronics Limited
GAMMONIND,Gammon India Limited
GANGOTRI,Gangotri Textiles Limited
GBGLOBAL,GB Global Limited
GFSTEELS,Grand Foundry Limited
GITANJALI,Gitanjali Gems Limited
HINDNATGLS,Hindusthan National Glass & Industries Limited
ICSA,ICSA (India) Limited
INDOSOLAR,Indosolar Limited
IVRCLINFRA,IVRCL Limited
JAINSTUDIO,Jain Studios Limited
JBFIND,JBF Industries Limited
JIKIND,JIK Industries Limited
JINDCOT,Jindal Cotex Limited
JMTAUTOLTD,JMT Auto Limited
JPINFRATEC,Jaypee Infratech Limited
KEERTI,Keerti Knowledge And Skills Limited
KGL,Karuturi Global Limited
KSERASERA,KSS Limited
KSK,KSK Energy Ventures Limited
LAKSHMIEFL,Lakshmi Energy and Foods Limited
LEEL,LEEL Electricals Limited
MANPASAND,Manpasand Beverages Limited
MBECL,Mcnally Bharat Engineering Company Limited
MCDHOLDING,McDowell Holdings Limited
MERCATOR,Mercator Limited
METKORE,Metkore Alloys & Industries Limited
MODTHREAD,Modern Thread Limited
MOHOTAIND,Mohota Industries Limited
MVL,MVL Limited
NAKODA,Nakoda Limited
NITINFIRE,Nitin Fire Protection Industries Limited
NTL,Neueon Towers Limited
NUTEK,Nu Tek India Limited
OISL,OCL Iron and Steel Limited
OMKARCHEM,Omkar Speciality Chemicals Limited
OPAL,Opal Luxury Time Products Limited
OPTOCIRCUI,Opto Circuits (India) Limited
ORTEL,Ortel Communications Limited
PDPL,Parenteral Drugs (India) Limited
PINCON,Pincon Spirit Limited
PRATIBHA,Pratibha Industries Limited
PRUDMOULI,Prudential Sugar Corporation Limited
PSL,PSL Limited
PUNJLLOYD,Punj Lloyd Limited
QUINTEGRA,Quintegra Solutions Limited
RADAAN,Radaan Mediaworks India Limited
RAINBOWPAP,Rainbow Papers Limited
RAJVIR,Rajvir Industries Limited
RMMIL,Resurgere Mines & Minerals Limited
RUSHABEAR,Rushabh Precision Bearings Limited
S&SPOWER,S&S Power Switchgears Limited
SATHAISPAT,Sathavahana Ispat Limited
SBIHOMEFIN,SBI Home Finance Limited
SHARONBIO,Sharon Bio-Medicine Limited
SHIRPUR-G,Shirpur Gold Refinery Limited
SICAL,Sical Logistics Limited
SIIL,Supreme (India) Impex Limited
SKIL,Skil Infrastructure Limited
SONISOYA,Soni Soya Products Limited
SPYL,Shekhawati Poly-Yarn Limited
SREINFRA,SREI Infrastructure Finance Limited
STAMPEDE,Stampede Capital Limited
TALWALKARS,Talwalkars Better Value Fitness Limited
TALWGYM,Talwalkars Healthclubs Limited
TCIFINANCE,TCI Finance Limited
TECHNOFAB,Technofab Engineering Limited
THIRUSUGAR,Thiru Arooran Sugars Limited
TULSI,Tulsi Extrusions Limited
UNIPLY,Uniply Industries Limited
UNITY,Unity Infraprojects Limited
UNIVAFOODS,Univa Foods Limited
USK,Udayshivakumar Infra Limited
VALECHAENG,Valecha Engineering Limited
VALUEIND,Value Industries Limited
VICEROY,Viceroy Hotels Limited
VIDEOIND,Videocon Industries Limited
VIKASPROP,Vikas Proppant & Granite Limited
VISUINTL,Visu International Limited
VIVIMEDLAB,Vivimed Labs Limited
WINSOME,Winsome Yarns Limited
ZICOM,Zicom Electronic Security Systems Limited
,
,
